FIPS,state_fips,county_fips,sporting_goods_estab,sporting_goods_emp,wholesale_estab,wholesale_emp,total_gun_related_estab,total_gun_related_emp,population,dealers_per_10k,naics_source
01001,01,001,3,106,0,0,3,106,58761,0.5105,451110
01003,01,003,23,326,4,20,27,346,233420,1.1567,451110
01015,01,015,7,74,0,0,7,74,116162,0.6026,451110
01039,01,039,3,5,0,0,3,5,37542,0.7991,451110
01043,01,043,5,71,0,0,5,71,88284,0.5664,451110
01045,01,045,3,18,0,0,3,18,49455,0.6066,451110
01055,01,055,5,118,0,0,5,118,103348,0.4838,451110
01069,01,069,7,152,0,0,7,152,107040,0.654,451110
01071,01,071,6,32,0,0,6,32,52618,1.1403,451110
01073,01,073,41,652,8,150,49,802,672265,0.7289,451110
01077,01,077,5,181,0,0,5,181,94329,0.5301,451110
01081,01,081,10,169,0,0,10,169,175126,0.571,451110
01089,01,089,30,459,7,145,37,604,389781,0.9493,451110
01095,01,095,5,20,0,0,5,20,97923,0.5106,451110
01097,01,097,26,330,4,55,30,385,413878,0.7249,451110
01101,01,101,11,179,6,112,17,291,228132,0.7452,451110
01103,01,103,4,71,0,0,4,71,123102,0.3249,451110
01115,01,115,3,10,0,0,3,10,91719,0.3271,451110
01117,01,117,14,295,10,432,24,727,223916,1.0718,451110
01121,01,121,3,14,0,0,3,14,81105,0.3699,451110
01125,01,125,12,249,0,0,12,249,231558,0.5182,451110
02016,02,016,0,0,3,14,3,14,5219,5.7482,451110
02020,02,020,30,638,7,45,37,683,290674,1.2729,451110
02090,02,090,9,213,0,0,9,213,96299,0.9346,451110
02110,02,110,5,51,0,0,5,51,32108,1.5572,451110
02122,02,122,11,73,0,0,11,73,59235,1.857,451110
02150,02,150,3,21,0,0,3,21,13065,2.2962,451110
02170,02,170,11,88,0,0,11,88,108661,1.0123,451110
02220,02,220,3,13,0,0,3,13,8462,3.5453,451110
04003,04,003,6,27,0,0,6,27,125504,0.4781,451110
04005,04,005,21,260,0,0,21,260,144705,1.4512,451110
04007,04,007,4,29,0,0,4,29,53419,0.7488,451110
04013,04,013,259,3434,94,671,353,4105,4430871,0.7967,451110
04015,04,015,21,110,5,13,26,123,214229,1.2137,451110
04017,04,017,7,71,0,0,7,71,107110,0.6535,451110
04019,04,019,59,606,9,67,68,673,1042393,0.6523,451110
04021,04,021,11,66,0,0,11,66,433338,0.2538,451110
04025,04,025,22,193,5,121,27,314,237830,1.1353,451110
04027,04,027,10,93,0,0,10,93,204374,0.4893,451110
05005,05,005,7,27,0,0,7,27,41801,1.6746,451110
05007,05,007,23,442,10,117,33,559,286528,1.1517,451110
05023,05,023,3,9,0,0,3,9,24948,1.2025,451110
05031,05,031,10,138,0,0,10,138,111038,0.9006,451110
05033,05,033,3,23,0,0,3,23,60593,0.4951,451110
05045,05,045,7,160,0,0,7,160,124611,0.5617,451110
05051,05,051,9,76,0,0,9,76,100021,0.8998,451110
05063,05,063,4,31,0,0,4,31,37910,1.0551,451110
05069,05,069,3,36,0,0,3,36,66934,0.4482,451110
05089,05,089,3,7,0,0,3,7,16905,1.7746,451110
05115,05,115,3,5,0,0,3,5,63475,0.4726,451110
05119,05,119,40,567,7,81,47,648,398322,1.1799,451110
05125,05,125,7,78,0,0,7,78,123988,0.5646,451110
05131,05,131,13,186,4,128,17,314,128184,1.3262,451110
05139,05,139,3,16,0,0,3,16,38815,0.7729,451110
05143,05,143,21,216,4,15,25,231,247331,1.0108,451110
05145,05,145,8,29,0,0,8,29,77118,1.0374,451110
06001,06,001,93,933,33,295,126,1228,1663823,0.7573,451110
06007,06,007,27,294,0,0,27,294,213605,1.264,451110
06013,06,013,61,696,10,54,71,750,1162648,0.6107,451110
06017,06,017,22,251,0,0,22,251,191713,1.1475,451110
06019,06,019,48,648,5,74,53,722,1008280,0.5256,451110
06023,06,023,13,184,0,0,13,184,136132,0.955,451110
06027,06,027,8,46,0,0,8,46,18829,4.2488,451110
06029,06,029,31,272,5,20,36,292,906883,0.397,451110
06037,06,037,389,3896,326,2654,715,6550,9936690,0.7196,451110
06039,06,039,4,34,0,0,4,34,157243,0.2544,451110
06041,06,041,43,475,9,44,52,519,260485,1.9963,451110
06045,06,045,9,38,0,0,9,38,91145,0.9874,451110
06047,06,047,9,72,0,0,9,72,282290,0.3188,451110
06051,06,051,13,202,0,0,13,202,13219,9.8343,451110
06053,06,053,19,204,0,0,19,204,437609,0.4342,451110
06055,06,055,10,75,0,0,10,75,137384,0.7279,451110
06057,06,057,16,218,3,44,19,262,102322,1.8569,451110
06059,06,059,269,2791,151,1216,420,4007,3175227,1.3227,451110
06061,06,061,41,573,9,64,50,637,406608,1.2297,451110
06065,06,065,103,965,41,612,144,1577,2429487,0.5927,451110
06067,06,067,83,921,16,124,99,1045,1579211,0.6269,451110
06071,06,071,76,1255,53,701,129,1956,2180563,0.5916,451110
06073,06,073,256,2417,126,1997,382,4414,3289701,1.1612,451110
06075,06,075,48,600,7,81,55,681,851036,0.6463,451110
06077,06,077,34,511,5,21,39,532,779445,0.5004,451110
06079,06,079,37,308,9,110,46,418,281712,1.6329,451110
06081,06,081,50,556,15,88,65,644,754250,0.8618,451110
06083,06,083,38,323,8,18,46,341,445213,1.0332,451110
06085,06,085,84,1230,20,585,104,1815,1916831,0.5426,451110
06087,06,087,28,314,7,251,35,565,268571,1.3032,451110
06089,06,089,17,235,5,38,22,273,181852,1.2098,451110
06093,06,093,3,32,0,0,3,32,44049,0.6811,451110
06095,06,095,23,275,6,124,29,399,450995,0.643,451110
06097,06,097,38,513,12,114,50,627,488436,1.0237,451110
06099,06,099,22,289,3,67,25,356,552063,0.4528,451110
06101,06,101,4,38,0,0,4,38,99101,0.4036,451110
06107,06,107,13,230,0,0,13,230,473446,0.2746,451110
06109,06,109,6,35,0,0,6,35,54993,1.091,451110
06111,06,111,52,547,35,435,87,982,842009,1.0332,451110
06113,06,113,13,91,0,0,13,91,217141,0.5987,451110
08001,08,001,17,226,8,94,25,320,520149,0.4806,451110
08003,08,003,3,20,0,0,3,20,16460,1.8226,451110
08005,08,005,44,651,18,104,62,755,654453,0.9474,451110
08007,08,007,5,46,0,0,5,46,13509,3.7012,451110
08013,08,013,53,678,29,358,82,1036,328658,2.495,451110
08014,08,014,10,397,0,0,10,397,73946,1.3523,451110
08015,08,015,13,72,0,0,13,72,19564,6.6449,451110
08019,08,019,3,10,0,0,3,10,9403,3.1905,451110
08031,08,031,46,888,17,271,63,1159,710800,0.8863,451110
08035,08,035,38,678,7,15,45,693,360206,1.2493,451110
08037,08,037,58,696,14,27,72,723,55650,12.938,451110
08041,08,041,60,1332,10,23,70,1355,730323,0.9585,451110
08043,08,043,3,20,0,0,3,20,49107,0.6109,451110
08045,08,045,14,69,3,5,17,74,61683,2.756,451110
08049,08,049,10,60,0,0,10,60,15724,6.3597,451110
08051,08,051,15,141,0,0,15,141,17018,8.8142,451110
08059,08,059,74,974,28,164,102,1138,580519,1.757,451110
08065,08,065,4,6,0,0,4,6,7403,5.4032,451110
08067,08,067,14,155,0,0,14,155,55983,2.5008,451110
08069,08,069,54,1227,6,15,60,1242,359363,1.6696,451110
08077,08,077,22,378,5,15,27,393,156131,1.7293,451110
08079,08,079,3,3,0,0,3,3,794,37.7834,451110
08083,08,083,3,14,0,0,3,14,26070,1.1507,451110
08085,08,085,10,39,0,0,10,39,42823,2.3352,451110
08093,08,093,3,3,0,0,3,3,17597,1.7048,451110
08097,08,097,31,218,0,0,31,218,17325,17.8932,451110
08101,08,101,12,135,0,0,12,135,168135,0.7137,451110
08105,08,105,3,15,0,0,3,15,11442,2.6219,451110
08107,08,107,23,269,3,69,26,338,24944,10.4233,451110
08113,08,113,14,123,0,0,14,123,8082,17.3224,451110
08117,08,117,54,580,3,10,57,590,30955,18.4138,451110
08123,08,123,13,128,8,42,21,170,331466,0.6335,451110
09001,09,001,94,845,17,356,111,1201,,,451110
09003,09,003,67,768,11,137,78,905,,,451110
09005,09,005,11,64,0,0,11,64,,,451110
09007,09,007,15,97,5,56,20,153,,,451110
09009,09,009,39,449,13,116,52,565,,,451110
09011,09,011,16,136,4,230,20,366,,,451110
09013,09,013,3,8,3,4,6,12,,,451110
09015,09,015,4,10,0,0,4,10,,,451110
10001,10,001,6,89,6,17,12,106,182400,0.6579,451110
10003,10,003,37,663,7,15,44,678,570567,0.7712,451110
10005,10,005,27,97,0,0,27,97,240668,1.1219,451110
11001,11,001,17,216,0,0,17,216,670587,0.2535,451110
12001,12,001,23,277,4,19,27,296,279729,0.9652,451110
12005,12,005,22,165,3,9,25,174,181055,1.3808,451110
12009,12,009,68,549,15,201,83,750,610723,1.359,451110
12011,12,011,130,1091,102,970,232,2061,1940907,1.1953,451110
12015,12,015,19,48,8,39,27,87,189900,1.4218,451110
12017,12,017,18,57,3,17,21,74,155173,1.3533,451110
12019,12,019,8,133,6,24,14,157,219650,0.6374,451110
12021,12,021,34,281,7,50,41,331,380221,1.0783,451110
12023,12,023,7,83,0,0,7,83,69832,1.0024,451110
12031,12,031,56,702,15,143,71,845,995708,0.7131,451110
12033,12,033,23,272,4,59,27,331,321296,0.8403,451110
12035,12,035,9,25,0,0,9,25,117515,0.7659,451110
12037,12,037,6,20,0,0,6,20,12276,4.8876,451110
12053,12,053,7,47,0,0,7,47,196621,0.356,451110
12055,12,055,3,10,0,0,3,10,102339,0.2931,451110
12057,12,057,75,785,22,179,97,964,1468560,0.6605,451110
12061,12,061,18,74,3,37,21,111,160986,1.3045,451110
12069,12,069,26,162,9,37,35,199,386829,0.9048,451110
12071,12,071,64,612,15,71,79,683,772902,1.0221,451110
12073,12,073,21,293,0,0,21,293,294128,0.714,451110
12081,12,081,23,143,8,23,31,166,405069,0.7653,451110
12083,12,083,21,180,3,8,24,188,378225,0.6345,451110
12085,12,085,29,162,15,105,44,267,159399,2.7604,451110
12086,12,086,161,1056,114,650,275,1706,2688237,1.023,451110
12087,12,087,44,270,4,11,48,281,82044,5.8505,451110
12089,12,089,8,39,0,0,8,39,91538,0.874,451110
12091,12,091,25,203,4,21,29,224,212021,1.3678,451110
12095,12,095,86,992,21,171,107,1163,1427403,0.7496,451110
12097,12,097,12,103,6,21,18,124,393745,0.4571,451110
12099,12,099,137,984,65,358,202,1342,1494805,1.3513,451110
12101,12,101,24,131,10,206,34,337,569211,0.5973,451110
12103,12,103,113,753,38,400,151,1153,959918,1.5731,451110
12105,12,105,26,220,9,31,35,251,736229,0.4754,451110
12107,12,107,4,6,0,0,4,6,73604,0.5434,451110
12109,12,109,27,161,7,37,34,198,278722,1.2199,451110
12111,12,111,15,171,7,48,22,219,334682,0.6573,451110
12113,12,113,15,89,0,0,15,89,188994,0.7937,451110
12115,12,115,37,306,11,65,48,371,439392,1.0924,451110
12117,12,117,33,318,18,138,51,456,471321,1.0821,451110
12119,12,119,9,48,0,0,9,48,131832,0.6827,451110
12127,12,127,47,525,15,75,62,600,558520,1.1101,451110
12131,12,131,10,65,0,0,10,65,76618,1.3052,451110
13009,13,009,3,14,0,0,3,14,43778,0.6853,451110
13015,13,015,7,90,0,0,7,90,109410,0.6398,451110
13021,13,021,10,169,0,0,10,169,156554,0.6388,451110
13031,13,031,9,38,0,0,9,38,79829,1.1274,451110
13039,13,039,3,6,0,0,3,6,55105,0.5444,451110
13045,13,045,4,32,3,25,7,57,120060,0.583,451110
13051,13,051,28,304,7,103,35,407,296266,1.1814,451110
13057,13,057,12,413,11,42,23,455,268567,0.8564,451110
13059,13,059,9,157,0,0,9,157,128864,0.6984,451110
13063,13,063,5,24,3,15,8,39,296312,0.27,451110
13067,13,067,37,844,24,204,61,1048,765813,0.7965,451110
13073,13,073,8,158,5,113,13,271,156921,0.8284,451110
13077,13,077,4,141,3,6,7,147,147449,0.4747,451110
13089,13,089,17,288,10,39,27,327,761209,0.3547,451110
13095,13,095,3,14,0,0,3,14,85038,0.3528,451110
13097,13,097,3,122,0,0,3,122,144735,0.2073,451110
13113,13,113,6,79,3,9,9,88,119259,0.7547,451110
13115,13,115,7,50,0,0,7,50,98541,0.7104,451110
13117,13,117,16,549,9,110,25,659,253225,0.9873,451110
13121,13,121,62,601,16,89,78,690,1061944,0.7345,451110
13123,13,123,0,0,3,3,3,3,31519,0.9518,451110
13127,13,127,10,89,0,0,10,89,84566,1.1825,451110
13135,13,135,44,770,26,276,70,1046,957977,0.7307,451110
13139,13,139,15,184,7,24,22,208,204953,1.0734,451110
13151,13,151,8,148,0,0,8,148,240853,0.3322,451110
13153,13,153,11,125,0,0,11,125,164117,0.6703,451110
13157,13,157,3,21,0,0,3,21,77033,0.3894,451110
13185,13,185,5,102,0,0,5,102,118257,0.4228,451110
13207,13,207,3,190,0,0,3,190,28287,1.0606,451110
13215,13,215,11,216,3,97,14,313,204572,0.6844,451110
13217,13,217,3,13,0,0,3,13,113298,0.2648,451110
13223,13,223,3,85,0,0,3,85,169898,0.1766,451110
13245,13,245,14,205,0,0,14,205,206153,0.6791,451110
13247,13,247,4,4,0,0,4,4,93641,0.4272,451110
13255,13,255,4,9,0,0,4,9,67415,0.5933,451110
13275,13,275,5,38,0,0,5,38,45665,1.0949,451110
13285,13,285,3,40,0,0,3,40,69527,0.4315,451110
13291,13,291,5,14,0,0,5,14,24880,2.0096,451110
13299,13,299,3,32,0,0,3,32,35917,0.8353,451110
13311,13,311,4,15,0,0,4,15,28165,1.4202,451110
13313,13,313,4,89,0,0,4,89,103033,0.3882,451110
15001,15,001,16,115,0,0,16,115,202163,0.7914,451110
15003,15,003,73,386,19,114,92,500,1010100,0.9108,451110
15007,15,007,7,17,0,0,7,17,73511,0.9522,451110
15009,15,009,22,162,9,44,31,206,164765,1.8815,451110
16001,16,001,61,868,13,80,74,948,497494,1.4875,451110
16005,16,005,15,200,0,0,15,200,87434,1.7156,451110
16013,16,013,10,113,0,0,10,113,24248,4.1241,451110
16017,16,017,9,57,0,0,9,57,47976,1.8759,451110
16019,16,019,22,366,0,0,22,366,124490,1.7672,451110
16027,16,027,18,205,5,11,23,216,235006,0.9787,451110
16049,16,049,3,8,0,0,3,8,16787,1.7871,451110
16055,16,055,21,271,5,95,26,366,173396,1.4995,451110
16057,16,057,7,88,0,0,7,88,39872,1.7556,451110
16059,16,059,3,5,0,0,3,5,8043,3.73,451110
16065,16,065,3,27,0,0,3,27,52487,0.5716,451110
16069,16,069,8,87,0,0,8,87,42200,1.8957,451110
16079,16,079,3,5,0,0,3,5,13399,2.239,451110
16081,16,081,4,43,0,0,4,43,11813,3.3861,451110
16083,16,083,11,166,0,0,11,166,90592,1.2142,451110
16085,16,085,5,35,0,0,5,35,11830,4.2265,451110
17001,17,001,5,64,0,0,5,64,65583,0.7624,451110
17019,17,019,8,119,3,9,11,128,206525,0.5326,451110
17029,17,029,3,9,0,0,3,9,47076,0.6373,451110
17031,17,031,208,2001,64,3165,272,5166,5225367,0.5205,451110
17037,17,037,4,8,3,34,7,42,100686,0.6952,451110
17043,17,043,60,833,21,149,81,982,930559,0.8704,451110
17049,17,049,3,23,0,0,3,23,34594,0.8672,451110
17063,17,063,3,12,0,0,3,12,52624,0.5701,451110
17077,17,077,4,52,0,0,4,52,53176,0.7522,451110
17081,17,081,3,23,0,0,3,23,37043,0.8099,451110
17089,17,089,29,394,9,112,38,506,517254,0.7346,451110
17091,17,091,4,60,0,0,4,60,107421,0.3724,451110
17093,17,093,4,61,0,0,4,61,132795,0.3012,451110
17097,17,097,45,595,11,129,56,724,713159,0.7852,451110
17099,17,099,6,38,0,0,6,38,109495,0.548,451110
17111,17,111,14,116,5,32,19,148,311133,0.6107,451110
17113,17,113,10,191,0,0,10,191,171284,0.5838,451110
17115,17,115,8,33,0,0,8,33,103542,0.7726,451110
17117,17,117,3,8,0,0,3,8,44907,0.668,451110
17119,17,119,12,78,0,0,12,78,265512,0.452,451110
17121,17,121,5,23,0,0,5,23,37543,1.3318,451110
17143,17,143,12,163,0,0,12,163,181186,0.6623,451110
17159,17,159,0,0,8,231,8,231,15716,5.0904,451110
17161,17,161,9,72,0,0,9,72,143819,0.6258,451110
17163,17,163,14,199,0,0,14,199,256791,0.5452,451110
17167,17,167,12,374,3,25,15,399,196122,0.7648,451110
17177,17,177,3,3,0,0,3,3,44482,0.6744,451110
17179,17,179,6,195,0,0,6,195,131276,0.4571,451110
17195,17,195,4,28,0,0,4,28,55569,0.7198,451110
17197,17,197,32,503,5,52,37,555,696774,0.531,451110
17199,17,199,3,15,0,0,3,15,67120,0.447,451110
17201,17,201,19,163,7,16,26,179,284591,0.9136,451110
18001,18,001,3,7,0,0,3,7,35827,0.8374,451110
18003,18,003,35,362,10,137,45,499,385456,1.1674,451110
18005,18,005,6,28,0,0,6,28,82371,0.7284,451110
18011,18,011,3,7,0,0,3,7,71235,0.4211,451110
18017,18,017,4,14,0,0,4,14,37820,1.0576,451110
18019,18,019,9,246,4,71,13,317,121484,1.0701,451110
18029,18,029,3,5,0,0,3,5,50709,0.5916,451110
18033,18,033,4,49,0,0,4,49,43312,0.9235,451110
18035,18,035,6,51,0,0,6,51,112156,0.535,451110
18037,18,037,7,32,0,0,7,32,43584,1.6061,451110
18039,18,039,15,84,4,12,19,96,206841,0.9186,451110
18043,18,043,3,3,0,0,3,3,80191,0.3741,451110
18053,18,053,4,20,0,0,4,20,66560,0.601,451110
18055,18,055,4,8,0,0,4,8,30900,1.2945,451110
18057,18,057,23,410,3,15,26,425,349527,0.7439,451110
18059,18,059,4,21,3,24,7,45,80170,0.8731,451110
18063,18,063,9,131,0,0,9,131,175639,0.5124,451110
18067,18,067,4,51,0,0,4,51,83452,0.4793,451110
18071,18,071,3,19,0,0,3,19,46212,0.6492,451110
18081,18,081,12,209,0,0,12,209,161952,0.741,451110
18085,18,085,10,39,0,0,10,39,80442,1.2431,451110
18087,18,087,6,20,0,0,6,20,40364,1.4865,451110
18089,18,089,28,376,6,57,34,433,497682,0.6832,451110
18091,18,091,4,19,0,0,4,19,112215,0.3565,451110
18093,18,093,3,17,0,0,3,17,45113,0.665,451110
18095,18,095,6,31,0,0,6,31,130545,0.4596,451110
18097,18,097,44,532,16,334,60,866,971737,0.6175,451110
18105,18,105,10,86,0,0,10,86,140065,0.714,451110
18109,18,109,4,6,0,0,4,6,71757,0.5574,451110
18127,18,127,7,207,0,0,7,207,173355,0.4038,451110
18141,18,141,20,172,5,100,25,272,272388,0.9178,451110
18151,18,151,8,35,0,0,8,35,34507,2.3184,451110
18157,18,157,8,123,0,0,8,123,186955,0.4279,451110
18163,18,163,10,141,6,232,16,373,179900,0.8894,451110
18167,18,167,8,133,0,0,8,133,106355,0.7522,451110
18173,18,173,3,7,0,0,3,7,64065,0.4683,451110
18177,18,177,4,93,0,0,4,93,66522,0.6013,451110
18183,18,183,5,43,0,0,5,43,34259,1.4595,451110
19013,19,013,14,248,0,0,14,248,131041,1.0684,451110
19027,19,027,4,7,0,0,4,7,20728,1.9298,451110
19033,19,033,7,48,0,0,7,48,42979,1.6287,451110
19041,19,041,5,34,0,0,5,34,16423,3.0445,451110
19045,19,045,4,8,0,0,4,8,46488,0.8604,451110
19049,19,049,6,474,0,0,6,474,100367,0.5978,451110
19057,19,057,4,64,0,0,4,64,38824,1.0303,451110
19059,19,059,3,11,0,0,3,11,17692,1.6957,451110
19061,19,061,10,121,3,130,13,251,98812,1.3156,451110
19103,19,103,13,395,3,13,16,408,153360,1.0433,451110
19105,19,105,3,7,0,0,3,7,20733,1.447,451110
19113,19,113,17,171,0,0,17,171,229308,0.7414,451110
19127,19,127,3,12,0,0,3,12,40049,0.7491,451110
19139,19,139,3,4,0,0,3,4,42968,0.6982,451110
19153,19,153,43,604,8,89,51,693,493378,1.0337,451110
19155,19,155,4,150,0,0,4,150,93543,0.4276,451110
19163,19,163,8,176,0,0,8,176,174315,0.4589,451110
19169,19,169,5,50,0,0,5,50,98573,0.5072,451110
19187,19,187,3,29,0,0,3,29,36986,0.8111,451110
19193,19,193,7,247,0,0,7,247,105526,0.6633,451110
20037,20,037,3,45,0,0,3,45,39012,0.769,451110
20045,20,045,11,108,0,0,11,108,119094,0.9236,451110
20051,20,051,3,15,0,0,3,15,28921,1.0373,451110
20055,20,055,4,45,0,0,4,45,38187,1.0475,451110
20061,20,061,3,8,0,0,3,8,36247,0.8277,451110
20091,20,091,41,916,16,148,57,1064,610742,0.9333,451110
20113,20,113,3,14,0,0,3,14,30085,0.9972,451110
20155,20,155,3,31,0,0,3,31,61881,0.4848,451110
20161,20,161,6,131,0,0,6,131,72105,0.8321,451110
20169,20,169,6,48,0,0,6,48,54160,1.1078,451110
20173,20,173,35,600,4,20,39,620,522700,0.7461,451110
20177,20,177,5,128,0,0,5,128,178625,0.2799,451110
20209,20,209,8,192,3,99,11,291,167989,0.6548,451110
21015,21,015,9,165,0,0,9,165,136150,0.661,451110
21019,21,019,4,199,0,0,4,199,48242,0.8292,451110
21029,21,029,0,0,3,20,3,20,82482,0.3637,451110
21035,21,035,4,14,0,0,4,14,37345,1.0711,451110
21037,21,037,5,82,0,0,5,82,93122,0.5369,451110
21045,21,045,3,29,0,0,3,29,15942,1.8818,451110
21047,21,047,5,14,0,0,5,14,72766,0.6871,451110
21059,21,059,9,86,0,0,9,86,102916,0.8745,451110
21067,21,067,25,431,0,0,25,431,321276,0.7781,451110
21071,21,071,3,15,0,0,3,15,35780,0.8385,451110
21073,21,073,4,54,0,0,4,54,51475,0.7771,451110
21093,21,093,8,108,0,0,8,108,111005,0.7207,451110
21111,21,111,52,658,14,102,66,760,779232,0.847,451110
21113,21,113,0,0,3,4,3,4,53381,0.562,451110
21117,21,117,10,83,0,0,10,83,169066,0.5915,451110
21125,21,125,3,19,0,0,3,19,62442,0.4804,451110
21145,21,145,11,165,0,0,11,165,67573,1.6279,451110
21151,21,151,6,69,0,0,6,69,92955,0.6455,451110
21157,21,157,3,22,0,0,3,22,31706,0.9462,451110
21161,21,161,3,22,0,0,3,22,17068,1.7577,451110
21185,21,185,4,35,0,0,4,35,67997,0.5883,451110
21199,21,199,8,48,0,0,8,48,65145,1.228,451110
21211,21,211,3,11,0,0,3,11,48105,0.6236,451110
21227,21,227,8,187,0,0,8,187,135307,0.5912,451110
21235,21,235,3,15,0,0,3,15,36648,0.8186,451110
22015,22,015,11,227,0,0,11,227,128877,0.8535,451110
22017,22,017,12,226,5,402,17,628,236259,0.7195,451110
22019,22,019,7,178,0,0,7,178,210770,0.3321,451110
22033,22,033,24,360,7,200,31,560,454369,0.6823,451110
22051,22,051,24,438,10,80,34,518,436171,0.7795,451110
22055,22,055,20,400,4,13,24,413,243175,0.9869,451110
22057,22,057,4,92,0,0,4,92,97220,0.4114,451110
22063,22,063,5,278,0,0,5,278,143425,0.3486,451110
22067,22,067,3,96,0,0,3,96,25438,1.1793,451110
22071,22,071,9,32,0,0,9,32,380408,0.2366,451110
22073,22,073,11,232,0,0,11,232,159585,0.6893,451110
22075,22,075,3,8,0,0,3,8,23305,1.2873,451110
22079,22,079,10,142,0,0,10,142,129536,0.772,451110
22103,22,103,23,267,6,32,29,299,266168,1.0895,451110
22105,22,105,7,139,0,0,7,139,133953,0.5226,451110
22109,22,109,7,98,0,0,7,98,108862,0.643,451110
22113,22,113,5,35,0,0,5,35,57202,0.8741,451110
22115,22,115,4,19,0,0,4,19,48452,0.8256,451110
22121,22,121,4,48,0,0,4,48,27377,1.4611,451110
23001,23,001,13,55,0,0,13,55,111532,1.1656,451110
23003,23,003,3,11,0,0,3,11,67237,0.4462,451110
23005,23,005,41,714,6,12,47,726,303357,1.5493,451110
23007,23,007,5,20,0,0,5,20,29839,1.6757,451110
23009,23,009,8,57,0,0,8,57,55851,1.4324,451110
23011,23,011,6,82,0,0,6,82,124003,0.4839,451110
23013,23,013,6,34,0,0,6,34,40729,1.4732,451110
23017,23,017,8,55,4,13,12,68,58276,2.0592,451110
23019,23,019,21,206,5,12,26,218,152640,1.7034,451110
23027,23,027,3,36,0,0,3,36,39772,0.7543,451110
23031,23,031,12,301,0,0,12,301,212691,0.5642,451110
24001,24,001,9,58,0,0,9,58,68161,1.3204,451110
24003,24,003,38,487,12,118,50,605,588109,0.8502,451110
24005,24,005,42,486,6,47,48,533,850737,0.5642,451110
24009,24,009,6,23,0,0,6,23,93244,0.6435,451110
24013,24,013,12,129,0,0,12,129,173225,0.6927,451110
24017,24,017,3,91,0,0,3,91,167035,0.1796,451110
24021,24,021,17,180,3,9,20,189,273829,0.7304,451110
24023,24,023,3,38,0,0,3,38,28856,1.0396,451110
24025,24,025,11,110,0,0,11,110,261059,0.4214,451110
24027,24,027,14,315,3,15,17,330,332011,0.512,451110
24031,24,031,35,455,8,64,43,519,1056910,0.4068,451110
24033,24,033,13,86,8,242,21,328,957189,0.2194,451110
24035,24,035,4,16,0,0,4,16,50316,0.795,451110
24037,24,037,4,68,0,0,4,68,113814,0.3515,451110
24041,24,041,9,61,0,0,9,61,37663,2.3896,451110
24043,24,043,13,56,0,0,13,56,154645,0.8406,451110
24045,24,045,5,65,0,0,5,65,103815,0.4816,451110
24047,24,047,12,36,5,18,17,54,52827,3.2181,451110
24510,24,510,8,38,8,149,16,187,584548,0.2737,451110
25001,25,001,45,182,4,46,49,228,229436,2.1357,451110
25003,25,003,15,117,0,0,15,117,128763,1.1649,451110
25005,25,005,39,481,13,278,52,759,576699,0.9017,451110
25007,25,007,3,1,0,0,3,1,20543,1.4604,451110
25009,25,009,33,303,11,60,44,363,806103,0.5458,451110
25011,25,011,4,9,0,0,4,9,70980,0.5635,451110
25013,25,013,28,142,6,49,34,191,464575,0.7319,451110
25015,25,015,12,132,0,0,12,132,153931,0.7796,451110
25017,25,017,101,1307,20,160,121,1467,1623109,0.7455,451110
25019,25,019,8,10,0,0,8,10,14065,5.6879,451110
25021,25,021,43,600,13,145,56,745,722112,0.7755,451110
25023,25,023,38,402,7,29,45,431,529548,0.8498,451110
25025,25,025,19,238,7,49,26,287,785443,0.331,451110
25027,25,027,47,515,11,72,58,587,858898,0.6753,451110
26001,26,001,3,10,0,0,3,10,10238,2.9303,451110
26005,26,005,3,19,0,0,3,19,120189,0.2496,451110
26007,26,007,3,25,0,0,3,25,28911,1.0377,451110
26009,26,009,3,5,0,0,3,5,23662,1.2679,451110
26015,26,015,4,32,0,0,4,32,62581,0.6392,451110
26017,26,017,7,124,0,0,7,124,103752,0.6747,451110
26021,26,021,13,53,0,0,13,53,153938,0.8445,451110
26023,26,023,4,22,0,0,4,22,44795,0.893,451110
26025,26,025,9,74,0,0,9,74,134011,0.6716,451110
26029,26,029,3,2,0,0,3,2,26174,1.1462,451110
26031,26,031,3,18,0,0,3,18,25709,1.1669,451110
26033,26,033,3,35,0,0,3,35,36670,0.8181,451110
26035,26,035,3,108,0,0,3,108,30998,0.9678,451110
26037,26,037,4,20,0,0,4,20,79249,0.5047,451110
26041,26,041,3,28,0,0,3,28,36839,0.8144,451110
26043,26,043,5,18,0,0,5,18,25937,1.9277,451110
26045,26,045,8,112,0,0,8,112,109072,0.7335,451110
26047,26,047,11,58,0,0,11,58,34072,3.2285,451110
26049,26,049,23,288,3,94,26,382,405280,0.6415,451110
26053,26,053,4,31,0,0,4,31,14597,2.7403,451110
26055,26,055,25,213,4,5,29,218,95315,3.0425,451110
26061,26,061,5,47,0,0,5,47,37414,1.3364,451110
26063,26,063,4,21,0,0,4,21,31461,1.2714,451110
26065,26,065,17,213,0,0,17,213,282540,0.6017,451110
26069,26,069,5,7,0,0,5,7,25319,1.9748,451110
26073,26,073,5,69,0,0,5,69,64938,0.77,451110
26075,26,075,11,83,0,0,11,83,160637,0.6848,451110
26077,26,077,20,339,4,14,24,353,261426,0.918,451110
26081,26,081,52,941,13,142,65,1083,657321,0.9889,451110
26087,26,087,6,36,0,0,6,36,88687,0.6765,451110
26091,26,091,4,44,0,0,4,44,99263,0.403,451110
26093,26,093,15,134,0,0,15,134,194302,0.772,451110
26097,26,097,3,9,0,0,3,9,10843,2.7668,451110
26099,26,099,61,788,7,91,68,879,878453,0.7741,451110
26101,26,101,3,21,0,0,3,21,25058,1.1972,451110
26103,26,103,9,67,0,0,9,67,66376,1.3559,451110
26105,26,105,4,27,0,0,4,27,29178,1.3709,451110
26111,26,111,7,53,0,0,7,53,83503,0.8383,451110
26115,26,115,14,266,3,29,17,295,154823,1.098,451110
26117,26,117,3,25,0,0,3,25,66901,0.4484,451110
26121,26,121,14,100,3,24,17,124,175947,0.9662,451110
26125,26,125,99,1478,23,106,122,1584,1272264,0.9589,451110
26137,26,137,4,106,0,0,4,106,25221,1.586,451110
26139,26,139,20,208,4,6,24,214,296183,0.8103,451110
26143,26,143,3,35,0,0,3,35,23556,1.2736,451110
26145,26,145,14,226,0,0,14,226,189821,0.7375,451110
26147,26,147,7,118,3,1,10,119,160257,0.624,451110
26155,26,155,5,28,0,0,5,28,68124,0.734,451110
26159,26,159,5,27,0,0,5,27,75636,0.6611,451110
26161,26,161,27,351,5,8,32,359,370231,0.8643,451110
26163,26,163,78,790,9,236,87,1026,1781641,0.4883,451110
26165,26,165,4,28,0,0,4,28,33766,1.1846,451110
27003,27,003,32,384,8,204,40,588,363985,1.0989,451110
27007,27,007,5,11,0,0,5,11,46274,1.0805,451110
27009,27,009,0,0,3,89,3,89,41300,0.7264,451110
27013,27,013,6,259,0,0,6,259,69022,0.8693,451110
27019,27,019,4,26,0,0,4,26,107216,0.3731,451110
27021,27,021,7,119,0,0,7,119,30288,2.3111,451110
27025,27,025,3,11,0,0,3,11,56927,0.527,451110
27027,27,027,5,84,0,0,5,84,65307,0.7656,451110
27035,27,035,17,97,0,0,17,97,66558,2.5542,451110
27037,27,037,30,311,13,134,43,445,439179,0.9791,451110
27041,27,041,11,87,0,0,11,87,39081,2.8147,451110
27045,27,045,4,1,0,0,4,1,21251,1.8823,451110
27047,27,047,4,22,0,0,4,22,30857,1.2963,451110
27049,27,049,4,27,3,41,7,68,47697,1.4676,451110
27053,27,053,104,2567,41,1172,145,3739,1270787,1.141,451110
27055,27,055,3,45,0,0,3,45,18826,1.5935,451110
27057,27,057,4,14,0,0,4,14,21479,1.8623,451110
27061,27,061,5,41,0,0,5,41,45054,1.1098,451110
27067,27,067,5,26,0,0,5,26,43686,1.1445,451110
27071,27,071,4,11,0,0,4,11,12072,3.3135,451110
27077,27,077,3,19,0,0,3,19,3786,7.9239,451110
27083,27,083,5,35,0,0,5,35,25352,1.9722,451110
27085,27,085,3,19,0,0,3,19,36727,0.8168,451110
27095,27,095,4,22,0,0,4,22,26680,1.4993,451110
27109,27,109,16,310,0,0,16,310,162307,0.9858,451110
27111,27,111,6,38,4,25,10,63,60072,1.6647,451110
27123,27,123,38,539,9,100,47,639,547202,0.8589,451110
27131,27,131,4,9,0,0,4,9,67152,0.5957,451110
27137,27,137,38,234,0,0,38,234,200122,1.8988,451110
27139,27,139,5,70,3,11,8,81,151347,0.5286,451110
27141,27,141,3,7,0,0,3,7,97820,0.3067,451110
27145,27,145,16,410,4,6,20,416,158622,1.2609,451110
27147,27,147,5,164,0,0,5,164,37396,1.337,451110
27163,27,163,22,394,6,50,28,444,268651,1.0422,451110
27169,27,169,3,4,0,0,3,4,49792,0.6025,451110
27171,27,171,6,47,5,11,11,58,142543,0.7717,451110
28011,28,011,4,14,0,0,4,14,30688,1.3034,451110
28033,28,033,8,157,0,0,8,157,186214,0.4296,451110
28035,28,035,4,32,0,0,4,32,77917,0.5134,451110
28047,28,047,14,236,0,0,14,236,208748,0.6707,451110
28049,28,049,6,105,0,0,6,105,226541,0.2649,451110
28059,28,059,4,7,0,0,4,7,143721,0.2783,451110
28067,28,067,3,11,0,0,3,11,67152,0.4467,451110
28071,28,071,5,97,0,0,5,97,56172,0.8901,451110
28073,28,073,3,144,0,0,3,144,64425,0.4657,451110
28075,28,075,5,27,0,0,5,27,72741,0.6874,451110
28081,28,081,13,183,0,0,13,183,83343,1.5598,451110
28089,28,089,11,103,0,0,11,103,109257,1.0068,451110
28105,28,105,3,101,0,0,3,101,51388,0.5838,451110
28121,28,121,9,260,0,0,9,260,157185,0.5726,451110
28149,28,149,4,61,0,0,4,61,44341,0.9021,451110
29009,29,009,3,10,0,0,3,10,34701,0.8645,451110
29019,29,019,22,327,7,257,29,584,184043,1.5757,451110
29021,29,021,8,64,0,0,8,64,84544,0.9463,451110
29023,29,023,4,82,0,0,4,82,42280,0.9461,451110
29029,29,029,3,58,3,73,6,131,43227,1.388,451110
29031,29,031,7,120,0,0,7,120,81703,0.8568,451110
29037,29,037,6,78,0,0,6,78,108205,0.5545,451110
29043,29,043,0,0,4,67,4,67,89568,0.4466,451110
29047,29,047,10,154,7,56,17,210,253085,0.6717,451110
29051,29,051,7,66,0,0,7,66,76890,0.9104,451110
29071,29,071,8,55,6,160,14,215,104858,1.3351,451110
29077,29,077,33,330,7,154,40,484,299188,1.337,451110
29095,29,095,29,445,7,65,36,510,715526,0.5031,451110
29097,29,097,13,160,0,0,13,160,122788,1.0587,451110
29099,29,099,10,65,4,6,14,71,226984,0.6168,451110
29127,29,127,3,27,0,0,3,27,28525,1.0517,451110
29131,29,131,3,15,0,0,3,15,24855,1.207,451110
29145,29,145,4,18,0,0,4,18,59019,0.6777,451110
29165,29,165,5,99,0,0,5,99,107033,0.4671,451110
29167,29,167,3,4,0,0,3,4,31877,0.9411,451110
29183,29,183,22,417,5,112,27,529,406262,0.6646,451110
29187,29,187,5,43,0,0,5,43,66814,0.7483,451110
29189,29,189,73,1038,15,307,88,1345,999703,0.8803,451110
29209,29,209,5,13,0,0,5,13,31314,1.5967,451110
29213,29,213,5,136,0,0,5,136,56202,0.8896,451110
29219,29,219,3,3,0,0,3,3,35729,0.8397,451110
29510,29,510,9,25,0,0,9,25,298018,0.302,451110
30013,30,013,10,200,0,0,10,200,84423,1.1845,451110
30029,30,029,18,321,4,22,22,343,105950,2.0765,451110
30031,30,031,43,462,9,23,52,485,119685,4.3447,451110
30049,30,049,13,203,0,0,13,203,71487,1.8185,451110
30057,30,057,5,39,0,0,5,39,8742,5.7195,451110
30063,30,063,33,495,3,5,36,500,118541,3.0369,451110
30067,30,067,6,24,0,0,6,24,17320,3.4642,451110
30081,30,081,10,57,0,0,10,57,44876,2.2284,451110
30083,30,083,3,14,0,0,3,14,11366,2.6395,451110
30093,30,093,6,42,0,0,6,42,35306,1.6994,451110
30111,30,111,24,625,5,148,29,773,165524,1.752,451110
31019,31,019,4,17,0,0,4,17,50103,0.7984,451110
31053,31,053,3,67,0,0,3,67,37175,0.807,451110
31055,31,055,40,884,7,48,47,932,582638,0.8067,451110
31079,31,079,8,65,0,0,8,65,62575,1.2785,451110
31109,31,109,27,716,4,13,31,729,322063,0.9625,451110
31111,31,111,7,37,0,0,7,37,34532,2.0271,451110
31119,31,119,3,4,0,0,3,4,35538,0.8442,451110
31141,31,141,4,8,0,0,4,8,34219,1.1689,451110
31145,31,145,3,5,0,0,3,5,10690,2.8064,451110
31153,31,153,6,202,0,0,6,202,191272,0.3137,451110
31157,31,157,3,26,0,0,3,26,36048,0.8322,451110
32003,32,003,106,1317,45,265,151,1582,2265926,0.6664,451110
32005,32,005,9,52,0,0,9,52,49476,1.8191,451110
32007,32,007,5,36,0,0,5,36,53600,0.9328,451110
32023,32,023,4,22,3,72,7,94,51698,1.354,451110
32031,32,031,37,816,26,406,63,1222,486674,1.2945,451110
32510,32,510,6,82,0,0,6,82,58249,1.0301,451110
33001,33,001,8,47,0,0,8,47,63914,1.2517,451110
33003,33,003,16,156,0,0,16,156,50679,3.1571,451110
33005,33,005,6,47,0,0,6,47,76610,0.7832,451110
33007,33,007,5,62,0,0,5,62,31430,1.5908,451110
33009,33,009,18,174,6,147,24,321,90836,2.6421,451110
33011,33,011,37,366,9,23,46,389,422733,1.0882,451110
33013,33,013,17,310,0,0,17,310,153918,1.1045,451110
33015,33,015,45,460,5,138,50,598,315169,1.5865,451110
33017,33,017,12,122,0,0,12,122,130965,0.9163,451110
33019,33,019,3,15,0,0,3,15,43356,0.6919,451110
34001,34,001,20,226,0,0,20,226,274339,0.729,451110
34003,34,003,59,492,36,388,95,880,953243,0.9966,451110
34005,34,005,20,380,7,41,27,421,461853,0.5846,451110
34007,34,007,15,135,9,56,24,191,522581,0.4593,451110
34009,34,009,29,79,3,30,32,109,95456,3.3523,451110
34011,34,011,6,78,0,0,6,78,153588,0.3907,451110
34013,34,013,19,67,5,131,24,198,853374,0.2812,451110
34015,34,015,11,134,5,224,16,358,302621,0.5287,451110
34017,34,017,10,14,5,58,15,72,712029,0.2107,451110
34019,34,019,14,101,4,8,18,109,129099,1.3943,451110
34021,34,021,18,255,3,6,21,261,383732,0.5473,451110
34023,34,023,29,326,16,117,45,443,860147,0.5232,451110
34025,34,025,42,366,11,128,53,494,643064,0.8242,451110
34027,34,027,41,590,12,332,53,922,508816,1.0416,451110
34029,34,029,43,337,11,84,54,421,638691,0.8455,451110
34031,34,031,13,262,8,70,21,332,519986,0.4039,451110
34035,34,035,20,124,5,32,25,156,344978,0.7247,451110
34037,34,037,6,27,0,0,6,27,144808,0.4143,451110
34039,34,039,24,260,7,123,31,383,572079,0.5419,451110
34041,34,041,7,20,0,0,7,20,109739,0.6379,451110
35001,35,001,47,611,9,114,56,725,674692,0.83,451110
35005,35,005,5,45,0,0,5,45,64701,0.7728,451110
35007,35,007,5,30,0,0,5,30,12370,4.042,451110
35013,35,013,12,143,0,0,12,143,219870,0.5458,451110
35015,35,015,3,26,0,0,3,26,61264,0.4897,451110
35025,35,025,4,28,0,0,4,28,73103,0.5472,451110
35027,35,027,4,31,0,0,4,31,20222,1.978,451110
35031,35,031,3,23,0,0,3,23,72073,0.4162,451110
35035,35,035,5,25,0,0,5,25,67850,0.7369,451110
35045,35,045,12,134,0,0,12,134,121798,0.9852,451110
35049,35,049,14,158,0,0,14,158,154481,0.9063,451110
35055,35,055,14,102,0,0,14,102,34475,4.0609,451110
36001,36,001,25,405,3,138,28,543,315041,0.8888,451110
36003,36,003,4,11,0,0,4,11,47222,0.8471,451110
36005,36,005,11,43,3,5,14,48,1443229,0.097,451110
36007,36,007,11,151,0,0,11,151,198365,0.5545,451110
36009,36,009,9,99,0,0,9,99,77000,1.1688,451110
36011,36,011,5,147,0,0,5,147,76171,0.6564,451110
36013,36,013,8,20,0,0,8,20,127440,0.6277,451110
36015,36,015,9,142,0,0,9,142,83584,1.0768,451110
36019,36,019,6,92,0,0,6,92,79839,0.7515,451110
36021,36,021,5,12,0,0,5,12,61469,0.8134,451110
36025,36,025,4,9,0,0,4,9,44637,0.8961,451110
36027,36,027,20,113,0,0,20,113,296467,0.6746,451110
36029,36,029,64,903,8,151,72,1054,951232,0.7569,451110
36031,36,031,9,67,0,0,9,67,37314,2.412,451110
36035,36,035,3,12,0,0,3,12,53280,0.5631,451110
36037,36,037,6,59,0,0,6,59,58204,1.0309,451110
36039,36,039,5,27,0,0,5,27,48067,1.0402,451110
36043,36,043,5,23,0,0,5,23,60293,0.8293,451110
36045,36,045,4,62,0,0,4,62,117445,0.3406,451110
36047,36,047,66,239,18,58,84,297,2679620,0.3135,451110
36053,36,053,3,8,0,0,3,8,68020,0.441,451110
36055,36,055,44,797,10,147,54,944,756406,0.7139,451110
36059,36,059,98,862,20,52,118,914,1389160,0.8494,451110
36061,36,061,77,534,32,637,109,1171,1645867,0.6623,451110
36063,36,063,10,105,0,0,10,105,212230,0.4712,451110
36065,36,065,12,174,0,0,12,174,231055,0.5194,451110
36067,36,067,26,334,5,52,31,386,472637,0.6559,451110
36069,36,069,8,147,5,39,13,186,112288,1.1577,451110
36071,36,071,15,92,0,0,15,92,401237,0.3738,451110
36075,36,075,10,36,0,0,10,36,118037,0.8472,451110
36079,36,079,7,40,0,0,7,40,97942,0.7147,451110
36081,36,081,47,146,18,77,65,223,2360826,0.2753,451110
36083,36,083,8,28,0,0,8,28,160943,0.4971,451110
36085,36,085,9,55,5,12,14,67,492925,0.284,451110
36087,36,087,15,144,4,20,19,164,337326,0.5633,451110
36089,36,089,7,25,0,0,7,25,108670,0.6442,451110
36091,36,091,14,163,5,33,19,196,236328,0.804,451110
36093,36,093,5,15,0,0,5,15,159447,0.3136,451110
36101,36,101,9,11,0,0,9,11,93584,0.9617,451110
36103,36,103,127,1128,44,506,171,1634,1524486,1.1217,451110
36105,36,105,3,5,3,9,6,14,78725,0.7621,451110
36107,36,107,3,15,0,0,3,15,48344,0.6206,451110
36109,36,109,10,75,0,0,10,75,102555,0.9751,451110
36111,36,111,18,148,0,0,18,148,182153,0.9882,451110
36113,36,113,12,110,0,0,12,110,65684,1.8269,451110
36115,36,115,4,13,0,0,4,13,61310,0.6524,451110
36117,36,117,3,4,0,0,3,4,91324,0.3285,451110
36119,36,119,63,576,11,146,74,722,997904,0.7416,451110
37001,37,001,15,167,0,0,15,167,171779,0.8732,451110
37011,37,011,5,87,0,0,5,87,17679,2.8282,451110
37013,37,013,5,12,0,0,5,12,44711,1.1183,451110
37019,37,019,13,48,0,0,13,48,139721,0.9304,451110
37021,37,021,28,382,6,64,34,446,269449,1.2618,451110
37023,37,023,5,58,0,0,5,58,87799,0.5695,451110
37025,37,025,14,356,0,0,14,356,226396,0.6184,451110
37027,37,027,5,26,0,0,5,26,80716,0.6195,451110
37031,37,031,16,111,3,10,19,121,68353,2.7797,451110
37035,37,035,10,151,3,48,13,199,161011,0.8074,451110
37045,37,045,5,41,0,0,5,41,99527,0.5024,451110
37047,37,047,3,10,0,0,3,10,50827,0.5902,451110
37049,37,049,6,86,0,0,6,86,101098,0.5935,451110
37051,37,051,17,246,0,0,17,246,335207,0.5071,451110
37053,37,053,4,5,0,0,4,5,28616,1.3978,451110
37055,37,055,33,156,0,0,33,156,37160,8.8805,451110
37057,37,057,5,9,0,0,5,9,169498,0.295,451110
37063,37,063,9,158,3,45,12,203,325101,0.3691,451110
37067,37,067,20,262,0,0,20,262,383739,0.5212,451110
37071,37,071,11,191,4,41,15,232,228972,0.6551,451110
37081,37,081,22,386,7,118,29,504,539557,0.5375,451110
37085,37,085,5,10,0,0,5,10,134718,0.3711,451110
37087,37,087,4,21,0,0,4,21,62152,0.6436,451110
37089,37,089,11,62,3,52,14,114,116469,1.202,451110
37093,37,093,3,5,0,0,3,5,52612,0.5702,451110
37097,37,097,14,176,10,44,24,220,187839,1.2777,451110
37099,37,099,4,17,0,0,4,17,42388,0.9437,451110
37101,37,101,4,8,0,0,4,8,219042,0.1826,451110
37105,37,105,3,44,0,0,3,44,63560,0.472,451110
37107,37,107,3,130,0,0,3,130,55071,0.5448,451110
37109,37,109,3,8,0,0,3,8,87933,0.3412,451110
37111,37,111,3,6,0,0,3,6,44629,0.6722,451110
37113,37,113,5,29,0,0,5,29,37088,1.3481,451110
37119,37,119,62,989,28,252,90,1241,1115403,0.8069,451110
37125,37,125,14,101,0,0,14,101,100759,1.3895,451110
37127,37,127,4,37,0,0,4,37,95015,0.421,451110
37129,37,129,28,381,10,40,38,421,228134,1.6657,451110
37133,37,133,14,184,0,0,14,184,203686,0.6873,451110
37135,37,135,11,66,0,0,11,66,145919,0.7538,451110
37141,37,141,4,24,0,0,4,24,61592,0.6494,451110
37147,37,147,13,181,0,0,13,181,171196,0.7594,451110
37151,37,151,3,26,0,0,3,26,144403,0.2078,451110
37157,37,157,4,15,0,0,4,15,91209,0.4386,451110
37159,37,159,9,55,3,6,12,61,147067,0.816,451110
37167,37,167,5,16,0,0,5,16,62723,0.7972,451110
37171,37,171,5,21,0,0,5,21,71429,0.7,451110
37175,37,175,5,37,0,0,5,37,33131,1.5092,451110
37179,37,179,12,77,3,39,15,116,240109,0.6247,451110
37183,37,183,74,1370,18,94,92,1464,1132103,0.8126,451110
37189,37,189,11,56,0,0,11,56,54540,2.0169,451110
37191,37,191,8,79,0,0,8,79,117480,0.681,451110
37195,37,195,6,51,0,0,6,51,78667,0.7627,451110
37197,37,197,3,16,0,0,3,16,37280,0.8047,451110
38015,38,015,9,414,5,44,14,458,98443,1.4221,451110
38017,38,017,12,511,4,11,16,522,186328,0.8587,451110
38035,38,035,7,220,0,0,7,220,72927,0.9599,451110
38089,38,089,3,28,0,0,3,28,32989,0.9094,451110
38101,38,101,10,243,0,0,10,243,69532,1.4382,451110
39001,39,001,3,2,0,0,3,2,27509,1.0906,451110
39003,39,003,6,61,0,0,6,61,102087,0.5877,451110
39005,39,005,3,106,0,0,3,106,52522,0.5712,451110
39007,39,007,6,32,3,7,9,39,97666,0.9215,451110
39009,39,009,3,28,0,0,3,28,61276,0.4896,451110
39013,39,013,4,46,0,0,4,46,66554,0.601,451110
39017,39,017,27,396,9,76,36,472,388327,0.9271,451110
39023,39,023,5,29,0,0,5,29,135877,0.368,451110
39025,39,025,10,101,0,0,10,101,208851,0.4788,451110
39029,39,029,3,25,0,0,3,25,101723,0.2949,451110
39035,39,035,64,780,25,186,89,966,1256620,0.7082,451110
39041,39,041,16,446,0,0,16,446,216074,0.7405,451110
39043,39,043,6,97,3,52,9,149,75299,1.1952,451110
39045,39,045,5,60,3,82,8,142,159371,0.502,451110
39049,39,049,59,1105,19,211,78,1316,1318149,0.5917,451110
39055,39,055,11,38,4,16,15,54,95455,1.5714,451110
39057,39,057,5,91,0,0,5,91,167567,0.2984,451110
39061,39,061,58,920,15,187,73,1107,827671,0.882,451110
39063,39,063,6,71,0,0,6,71,75072,0.7992,451110
39075,39,075,8,37,0,0,8,37,44273,1.807,451110
39081,39,081,4,57,0,0,4,57,65280,0.6127,451110
39085,39,085,18,195,0,0,18,195,232236,0.7751,451110
39087,39,087,3,6,0,0,3,6,57994,0.5173,451110
39089,39,089,12,182,3,12,15,194,178844,0.8387,451110
39091,39,091,4,22,0,0,4,22,46098,0.8677,451110
39093,39,093,16,226,4,15,20,241,313101,0.6388,451110
39095,39,095,18,314,4,12,22,326,430014,0.5116,451110
39099,39,099,14,182,3,72,17,254,227979,0.7457,451110
39101,39,101,3,20,0,0,3,20,65366,0.459,451110
39103,39,103,10,68,0,0,10,68,182347,0.5484,451110
39107,39,107,7,32,0,0,7,32,42321,1.654,451110
39109,39,109,5,62,0,0,5,62,108818,0.4595,451110
39113,39,113,36,529,5,128,41,657,536121,0.7648,451110
39119,39,119,3,25,0,0,3,25,86393,0.3473,451110
39123,39,123,4,4,4,14,8,18,40367,1.9818,451110
39127,39,127,3,15,0,0,3,15,35451,0.8462,451110
39133,39,133,11,84,3,125,14,209,161217,0.8684,451110
39139,39,139,7,109,0,0,7,109,125008,0.56,451110
39141,39,141,3,71,0,0,3,71,76957,0.3898,451110
39143,39,143,3,2,0,0,3,2,58885,0.5095,451110
39145,39,145,3,3,0,0,3,3,73716,0.407,451110
39151,39,151,25,268,4,40,29,308,374199,0.775,451110
39153,39,153,30,348,9,56,39,404,539361,0.7231,451110
39155,39,155,10,67,0,0,10,67,201749,0.4957,451110
39157,39,157,13,97,0,0,13,97,92840,1.4003,451110
39165,39,165,10,181,3,25,13,206,243189,0.5346,451110
39167,39,167,5,28,3,47,8,75,59639,1.3414,451110
39169,39,169,9,74,0,0,9,74,116680,0.7713,451110
39173,39,173,7,256,3,20,10,276,131564,0.7601,451110
40009,40,009,3,8,0,0,3,8,22295,1.3456,451110
40019,40,019,3,93,0,0,3,93,48202,0.6224,451110
40027,40,027,14,193,3,2,17,195,295060,0.5762,451110
40031,40,031,8,124,0,0,8,124,121777,0.6569,451110
40041,40,041,4,13,0,0,4,13,40791,0.9806,451110
40089,40,089,4,27,0,0,4,27,31003,1.2902,451110
40109,40,109,66,1082,9,63,75,1145,795822,0.9424,451110
40119,40,119,6,112,0,0,6,112,82058,0.7312,451110
40123,40,123,3,10,0,0,3,10,38116,0.7871,451110
40125,40,125,5,61,0,0,5,61,72734,0.6874,451110
40131,40,131,4,39,0,0,4,39,95870,0.4172,451110
40137,40,137,3,13,0,0,3,13,43140,0.6954,451110
40143,40,143,56,829,7,100,63,929,668923,0.9418,451110
40153,40,153,5,19,0,0,5,19,20411,2.4497,451110
41003,41,003,11,95,0,0,11,95,95615,1.1504,451110
41005,41,005,27,395,10,105,37,500,420925,0.879,451110
41007,41,007,6,33,0,0,6,33,41190,1.4567,451110
41011,41,011,6,34,0,0,6,34,64908,0.9244,451110
41013,41,013,3,11,0,0,3,11,24987,1.2006,451110
41015,41,015,3,7,0,0,3,7,23404,1.2818,451110
41017,41,017,55,576,15,31,70,607,199352,3.5114,451110
41019,41,019,5,65,0,0,5,65,111322,0.4491,451110
41027,41,027,13,64,3,35,16,99,23965,6.6764,451110
41029,41,029,31,334,4,14,35,348,222604,1.5723,451110
41033,41,033,10,36,0,0,10,36,87994,1.1364,451110
41035,41,035,9,87,0,0,9,87,69506,1.2949,451110
41039,41,039,37,506,3,73,40,579,382218,1.0465,451110
41041,41,041,8,60,0,0,8,60,50334,1.5894,451110
41043,41,043,10,100,0,0,10,100,128598,0.7776,451110
41045,41,045,3,34,0,0,3,34,31538,0.9512,451110
41047,41,047,18,266,0,0,18,266,345815,0.5205,451110
41051,41,051,84,1169,23,501,107,1670,808098,1.3241,451110
41057,41,057,4,32,0,0,4,32,27345,1.4628,451110
41059,41,059,7,39,0,0,7,39,79904,0.8761,451110
41061,41,061,7,32,0,0,7,32,26286,2.663,451110
41065,41,065,3,27,0,0,3,27,26639,1.1262,451110
41067,41,067,42,859,19,332,61,1191,599541,1.0174,451110
41071,41,071,6,31,0,0,6,31,107674,0.5572,451110
42001,42,001,3,21,0,0,3,21,104604,0.2868,451110
42003,42,003,78,1109,14,48,92,1157,1245310,0.7388,451110
42007,42,007,9,95,0,0,9,95,167629,0.5369,451110
42011,42,011,19,453,0,0,19,453,428483,0.4434,451110
42013,42,013,15,180,0,0,15,180,122640,1.2231,451110
42015,42,015,7,24,0,0,7,24,60159,1.1636,451110
42017,42,017,37,342,12,267,49,609,645163,0.7595,451110
42019,42,019,16,325,0,0,16,325,194562,0.8224,451110
42021,42,021,12,65,4,32,16,97,133263,1.2006,451110
42027,42,027,15,168,0,0,15,168,158665,0.9454,451110
42029,42,029,23,194,7,75,30,269,536474,0.5592,451110
42031,42,031,5,20,0,0,5,20,37489,1.3337,451110
42033,42,033,7,107,0,0,7,107,79707,0.8782,451110
42037,42,037,4,35,0,0,4,35,64924,0.6161,451110
42039,42,039,9,45,0,0,9,45,83876,1.073,451110
42041,42,041,16,219,3,15,19,234,261269,0.7272,451110
42043,42,043,14,278,6,27,20,305,286108,0.699,451110
42045,42,045,21,98,6,54,27,152,575312,0.4693,451110
42047,42,047,4,46,0,0,4,46,30886,1.2951,451110
42049,42,049,23,218,0,0,23,218,270495,0.8503,451110
42051,42,051,8,95,0,0,8,95,128417,0.623,451110
42055,42,055,9,80,0,0,9,80,156084,0.5766,451110
42063,42,063,7,26,0,0,7,26,83394,0.8394,451110
42065,42,065,6,14,0,0,6,14,44326,1.3536,451110
42069,42,069,14,225,0,0,14,225,215672,0.6491,451110
42071,42,071,35,295,3,120,38,415,553202,0.6869,451110
42073,42,073,10,84,0,0,10,84,85907,1.164,451110
42075,42,075,10,64,0,0,10,64,143258,0.698,451110
42077,42,077,23,299,0,0,23,299,374110,0.6148,451110
42079,42,079,24,142,0,0,24,142,325396,0.7376,451110
42081,42,081,9,100,0,0,9,100,114022,0.7893,451110
42085,42,085,10,63,0,0,10,63,110600,0.9042,451110
42087,42,087,4,33,0,0,4,33,46146,0.8668,451110
42089,42,089,14,138,0,0,14,138,168128,0.8327,451110
42091,42,091,57,981,13,208,70,1189,856399,0.8174,451110
42095,42,095,25,135,5,22,30,157,314299,0.9545,451110
42097,42,097,7,24,3,9,10,33,91340,1.0948,451110
42099,42,099,4,21,0,0,4,21,45941,0.8707,451110
42101,42,101,36,250,5,32,41,282,1593208,0.2573,451110
42103,42,103,6,30,0,0,6,30,58996,1.017,451110
42107,42,107,11,44,0,0,11,44,143201,0.7682,451110
42109,42,109,4,71,0,0,4,71,39797,1.0051,451110
42111,42,111,3,11,0,0,3,11,73802,0.4065,451110
42115,42,115,4,12,0,0,4,12,38540,1.0379,451110
42117,42,117,6,13,0,0,6,13,41186,1.4568,451110
42121,42,121,4,33,0,0,4,33,50475,0.7925,451110
42123,42,123,3,36,0,0,3,36,38492,0.7794,451110
42125,42,125,10,106,0,0,10,106,209631,0.477,451110
42127,42,127,7,29,0,0,7,29,51227,1.3665,451110
42129,42,129,18,159,6,28,24,187,354414,0.6772,451110
42133,42,133,26,214,0,0,26,214,457051,0.5689,451110
44001,44,001,3,4,7,17,10,21,50658,1.974,451110
44003,44,003,15,99,6,78,21,177,170168,1.2341,451110
44005,44,005,8,30,13,56,21,86,85442,2.4578,451110
44007,44,007,29,309,5,9,34,318,657984,0.5167,451110
44009,44,009,18,92,5,7,23,99,129998,1.7693,451110
45003,45,003,11,118,0,0,11,118,169865,0.6476,451110
45007,45,007,12,209,4,16,16,225,204592,0.782,451110
45013,45,013,24,167,6,5,30,172,189071,1.5867,451110
45015,45,015,8,111,3,20,11,131,231419,0.4753,451110
45019,45,019,35,391,8,16,43,407,409840,1.0492,451110
45041,45,041,9,167,0,0,9,167,137015,0.6569,451110
45043,45,043,8,39,3,3,11,42,63594,1.7297,451110
45045,45,045,36,641,12,71,48,712,528251,0.9087,451110
45047,45,047,4,24,0,0,4,24,69309,0.5771,451110
45051,45,051,39,471,8,116,47,587,356578,1.3181,451110
45055,45,055,4,17,0,0,4,17,65779,0.6081,451110
45063,45,063,14,311,5,62,19,373,295934,0.642,451110
45073,45,073,7,28,0,0,7,28,78775,0.8886,451110
45075,45,075,4,13,0,0,4,13,84159,0.4753,451110
45077,45,077,3,88,0,0,3,88,131106,0.2288,451110
45079,45,079,21,250,15,654,36,904,416161,0.865,451110
45083,45,083,13,139,0,0,13,139,330119,0.3938,451110
45085,45,085,3,6,0,0,3,6,105199,0.2852,451110
45091,45,091,15,333,0,0,15,333,282987,0.5301,451110
46011,46,011,4,36,0,0,4,36,34631,1.155,451110
46013,46,013,6,37,0,0,6,37,38278,1.5675,451110
46029,46,029,3,23,0,0,3,23,28402,1.0563,451110
46035,46,035,7,115,0,0,7,115,19966,3.506,451110
46081,46,081,3,7,0,0,3,7,26047,1.1518,451110
46099,46,099,20,790,0,0,20,790,197742,1.0114,451110
46103,46,103,20,412,4,73,24,485,110386,2.1742,451110
46123,46,123,3,8,0,0,3,8,5607,5.3505,451110
47001,47,001,5,52,0,0,5,52,77337,0.6465,451110
47009,47,009,9,83,0,0,9,83,135951,0.662,451110
47011,47,011,6,34,0,0,6,34,108859,0.5512,451110
47019,47,019,5,8,0,0,5,8,56315,0.8879,451110
47031,47,031,5,40,0,0,5,40,58080,0.8609,451110
47035,47,035,3,18,0,0,3,18,61552,0.4874,451110
47037,47,037,39,557,11,84,50,641,709786,0.7044,451110
47043,47,043,3,24,0,0,3,24,54563,0.5498,451110
47053,47,053,4,19,0,0,4,19,50455,0.7928,451110
47063,47,063,4,58,0,0,4,58,64531,0.6199,451110
47065,47,065,28,597,7,18,35,615,367193,0.9532,451110
47093,47,093,39,424,13,214,52,638,481406,1.0802,451110
47107,47,107,4,22,0,0,4,22,53532,0.7472,451110
47113,47,113,6,133,0,0,6,133,98644,0.6082,451110
47117,47,117,3,5,0,0,3,5,34567,0.8679,451110
47119,47,119,4,48,0,0,4,48,102002,0.3921,451110
47125,47,125,11,172,0,0,11,172,222305,0.4948,451110
47141,47,141,7,109,0,0,7,109,80157,0.8733,451110
47145,47,145,4,16,0,0,4,16,53777,0.7438,451110
47147,47,147,3,27,0,0,3,27,73297,0.4093,451110
47149,47,149,16,295,3,21,19,316,343727,0.5528,451110
47155,47,155,14,584,0,0,14,584,98455,1.422,451110
47157,47,157,42,727,14,179,56,906,926440,0.6045,451110
47163,47,163,20,340,3,10,23,350,158722,1.4491,451110
47165,47,165,6,41,3,10,9,51,196845,0.4572,451110
47179,47,179,9,165,0,0,9,165,133282,0.6753,451110
47187,47,187,25,400,5,72,30,472,248897,1.2053,451110
47189,47,189,8,119,0,0,8,119,149096,0.5366,451110
48005,48,005,5,122,0,0,5,122,86608,0.5773,451110
48021,48,021,3,122,0,0,3,122,98435,0.3048,451110
48027,48,027,15,230,0,0,15,230,372821,0.4023,451110
48029,48,029,77,1671,19,121,96,1792,2014059,0.4766,451110
48037,48,037,4,113,0,0,4,113,92747,0.4313,451110
48039,48,039,12,320,0,0,12,320,374600,0.3203,451110
48041,48,041,9,177,0,0,9,177,234548,0.3837,451110
48053,48,053,3,6,0,0,3,6,49684,0.6038,451110
48061,48,061,11,331,0,0,11,331,421854,0.2608,451110
48085,48,085,66,1320,14,98,80,1418,1079153,0.7413,451110
48091,48,091,10,97,8,37,18,134,165201,1.0896,451110
48099,48,099,3,2,0,0,3,2,82927,0.3618,451110
48113,48,113,82,1125,49,2236,131,3361,2604053,0.5031,451110
48121,48,121,42,871,16,118,58,989,914870,0.634,451110
48135,48,135,5,204,0,0,5,204,162300,0.3081,451110
48139,48,139,3,87,3,15,6,102,195509,0.3069,451110
48141,48,141,29,500,10,33,39,533,863832,0.4515,451110
48157,48,157,26,502,7,229,33,731,832607,0.3963,451110
48167,48,167,17,256,6,20,23,276,350801,0.6556,451110
48171,48,171,3,10,3,14,6,24,26953,2.2261,451110
48181,48,181,9,135,3,11,12,146,137008,0.8759,451110
48183,48,183,11,148,4,24,15,172,124245,1.2073,451110
48199,48,199,3,7,0,0,3,7,56576,0.5303,451110
48201,48,201,169,3988,65,686,234,4674,4726177,0.4951,451110
48209,48,209,8,278,0,0,8,278,245351,0.3261,451110
48215,48,215,26,480,0,0,26,480,873167,0.2978,451110
48219,48,219,3,6,0,0,3,6,21495,1.3957,451110
48221,48,221,6,17,0,0,6,17,62459,0.9606,451110
48227,48,227,3,6,0,0,3,6,34488,0.8699,451110
48245,48,245,10,288,0,0,10,288,254942,0.3922,451110
48251,48,251,10,33,0,0,10,33,182690,0.5474,451110
48257,48,257,3,99,0,0,3,99,149773,0.2003,451110
48259,48,259,6,27,0,0,6,27,45376,1.3223,451110
48265,48,265,3,28,0,0,3,28,52810,0.5681,451110
48303,48,303,22,456,6,29,28,485,311509,0.8989,451110
48309,48,309,12,210,5,22,17,232,261090,0.6511,451110
48321,48,321,6,13,0,0,6,13,36251,1.6551,451110
48329,48,329,11,149,0,0,11,149,169393,0.6494,451110
48339,48,339,30,558,16,178,46,736,629989,0.7302,451110
48347,48,347,3,3,0,0,3,3,64768,0.4632,451110
48355,48,355,29,397,4,14,33,411,353245,0.9342,451110
48361,48,361,3,25,0,0,3,25,84761,0.3539,451110
48367,48,367,10,219,6,20,16,239,151188,1.0583,451110
48375,48,375,6,30,0,0,6,30,117905,0.5089,451110
48381,48,381,5,123,0,0,5,123,141489,0.3534,451110
48397,48,397,6,132,0,0,6,132,110631,0.5423,451110
48409,48,409,3,93,0,0,3,93,68942,0.4351,451110
48423,48,423,14,160,0,0,14,160,234667,0.5966,451110
48439,48,439,110,2312,38,929,148,3241,2113854,0.7001,451110
48441,48,441,9,122,0,0,9,122,143029,0.6292,451110
48451,48,451,8,120,0,0,8,120,119276,0.6707,451110
48453,48,453,73,1511,18,702,91,2213,1289054,0.7059,451110
48469,48,469,7,100,0,0,7,100,91209,0.7675,451110
48471,48,471,3,116,0,0,3,116,77182,0.3887,451110
48479,48,479,10,213,5,7,15,220,267282,0.5612,451110
48485,48,485,6,97,0,0,6,97,129584,0.463,451110
48491,48,491,31,552,6,32,37,584,617396,0.5993,451110
49003,49,003,0,0,3,43,3,43,58291,0.5147,451110
49005,49,005,8,303,13,225,21,528,134428,1.5622,451110
49007,49,007,3,20,0,0,3,20,20338,1.4751,451110
49011,49,011,27,332,4,16,31,348,363032,0.8539,451110
49017,49,017,3,23,0,0,3,23,5121,5.8582,451110
49019,49,019,11,92,0,0,11,92,9680,11.3636,451110
49021,49,021,9,87,0,0,9,87,58068,1.5499,451110
49029,49,029,0,0,3,117,3,117,12367,2.4258,451110
49035,49,035,118,1954,50,705,168,2659,1180643,1.423,451110
49043,49,043,49,509,11,146,60,655,42524,14.1097,451110
49047,49,047,3,60,0,0,3,60,35951,0.8345,451110
49049,49,049,39,692,14,128,53,820,666021,0.7958,451110
49051,49,051,4,57,0,0,4,57,35009,1.1426,451110
49053,49,053,27,301,3,13,30,314,183297,1.6367,451110
49057,49,057,20,295,7,409,27,704,262960,1.0268,451110
50001,50,001,7,25,0,0,7,25,37434,1.87,451110
50003,50,003,6,35,0,0,6,35,37326,1.6075,451110
50005,50,005,6,44,0,0,6,44,30418,1.9725,451110
50007,50,007,23,576,10,145,33,721,168309,1.9607,451110
50011,50,011,6,21,0,0,6,21,50101,1.1976,451110
50015,50,015,9,98,0,0,9,98,25977,3.4646,451110
50019,50,019,4,20,0,0,4,20,27459,1.4567,451110
50021,50,021,16,134,0,0,16,134,60585,2.6409,451110
50023,50,023,17,108,0,0,17,108,59768,2.8443,451110
50025,50,025,10,42,0,0,10,42,45857,2.1807,451110
50027,50,027,9,89,0,0,9,89,57832,1.5562,451110
51003,51,003,9,135,0,0,9,135,112513,0.7999,451110
51013,51,013,9,67,0,0,9,67,235845,0.3816,451110
51015,51,015,3,35,0,0,3,35,77433,0.3874,451110
51019,51,019,9,76,0,0,9,76,79761,1.1284,451110
51023,51,023,3,5,0,0,3,5,33734,0.8893,451110
51041,51,041,16,161,0,0,16,161,366019,0.4371,451110
51059,51,059,43,892,11,134,54,1026,1145354,0.4715,451110
51061,51,061,4,40,0,0,4,40,73290,0.5458,451110
51067,51,067,4,6,0,0,4,6,54838,0.7294,451110
51069,51,069,3,8,0,0,3,8,92007,0.3261,451110
51085,51,085,10,302,0,0,10,302,110513,0.9049,451110
51087,51,087,22,415,0,0,22,415,333120,0.6604,451110
51095,51,095,6,24,0,0,6,24,78818,0.7612,451110
51107,51,107,20,363,5,27,25,390,420773,0.5941,451110
51121,51,121,5,103,0,0,5,103,99373,0.5032,451110
51125,51,125,3,13,0,0,3,13,14773,2.0307,451110
51143,51,143,5,16,0,0,5,16,60541,0.8259,451110
51153,51,153,27,434,4,22,31,456,481114,0.6443,451110
51161,51,161,6,45,0,0,6,45,96653,0.6208,451110
51165,51,165,3,12,0,0,3,12,83905,0.3575,451110
51177,51,177,4,53,0,0,4,53,141097,0.2835,451110
51179,51,179,6,32,0,0,6,32,157606,0.3807,451110
51191,51,191,12,39,0,0,12,39,53985,2.2228,451110
51199,51,199,8,63,0,0,8,63,70238,1.139,451110
51510,51,510,6,41,0,0,6,41,157594,0.3807,451110
51540,51,540,9,66,0,0,9,66,46289,1.9443,451110
51550,51,550,10,160,5,54,15,214,249377,0.6015,451110
51570,51,570,4,102,0,0,4,102,18158,2.2029,451110
51590,51,590,4,39,0,0,4,39,42507,0.941,451110
51600,51,600,4,125,0,0,4,125,24242,1.65,451110
51630,51,630,8,62,0,0,8,62,28258,2.8311,451110
51650,51,650,4,151,0,0,4,151,137217,0.2915,451110
51660,51,660,9,100,0,0,9,100,51784,1.738,451110
51670,51,670,3,11,0,0,3,11,23046,1.3017,451110
51680,51,680,6,67,0,0,6,67,79166,0.7579,451110
51700,51,700,8,116,0,0,8,116,185118,0.4322,451110
51710,51,710,12,74,6,74,18,148,236973,0.7596,451110
51740,51,740,3,12,0,0,3,12,97384,0.3081,451110
51760,51,760,10,76,0,0,10,76,227171,0.4402,451110
51770,51,770,13,177,0,0,13,177,99213,1.3103,451110
51775,51,775,4,9,0,0,4,9,25372,1.5765,451110
51790,51,790,3,15,0,0,3,15,25581,1.1727,451110
51810,51,810,37,460,5,83,42,543,457900,0.9172,451110
51840,51,840,7,91,0,0,7,91,28103,2.4908,451110
53005,53,005,25,241,4,18,29,259,207560,1.3972,451110
53007,53,007,12,86,0,0,12,86,79076,1.5175,451110
53009,53,009,10,58,3,25,13,83,77333,1.681,451110
53011,53,011,18,168,15,228,33,396,504091,0.6546,451110
53015,53,015,8,136,0,0,8,136,110621,0.7232,451110
53025,53,025,4,59,0,0,4,59,99145,0.4034,451110
53027,53,027,9,32,0,0,9,32,75672,1.1893,451110
53029,53,029,6,32,3,35,9,67,86510,1.0403,451110
53033,53,033,169,2494,79,865,248,3359,2254371,1.1001,451110
53035,53,035,21,277,6,25,27,302,275411,0.9804,451110
53037,53,037,9,50,0,0,9,50,44424,2.0259,451110
53039,53,039,0,0,3,22,3,22,22798,1.3159,451110
53041,53,041,8,38,0,0,8,38,82663,0.9678,451110
53045,53,045,3,7,0,0,3,7,66053,0.4542,451110
53047,53,047,8,51,0,0,8,51,42336,1.8896,451110
53053,53,053,47,782,14,81,61,863,918993,0.6638,451110
53057,53,057,14,129,3,2,17,131,129480,1.3129,451110
53061,53,061,50,663,18,129,68,792,828337,0.8209,451110
53063,53,063,49,561,9,150,58,711,538711,1.0766,451110
53065,53,065,4,18,0,0,4,18,46774,0.8552,451110
53067,53,067,15,338,0,0,15,338,294272,0.5097,451110
53071,53,071,5,63,0,0,5,63,62150,0.8045,451110
53073,53,073,29,366,19,169,48,535,226523,2.119,451110
53077,53,077,11,199,0,0,11,199,256143,0.4294,451110
54003,54,003,5,48,0,0,5,48,123283,0.4056,451110
54011,54,011,3,167,0,0,3,167,93965,0.3193,451110
54019,54,019,0,0,3,18,3,18,40545,0.7399,451110
54037,54,037,4,6,0,0,4,6,58043,0.6891,451110
54039,54,039,7,196,0,0,7,196,179895,0.3891,451110
54049,54,049,4,9,0,0,4,9,56194,0.7118,451110
54055,54,055,5,12,0,0,5,12,59530,0.8399,451110
54061,54,061,10,183,0,0,10,183,105988,0.9435,451110
54067,54,067,3,6,0,0,3,6,24624,1.2183,451110
54069,54,069,6,199,0,0,6,199,42224,1.421,451110
54075,54,075,5,40,0,0,5,40,7940,6.2972,451110
54079,54,079,4,59,0,0,4,59,57347,0.6975,451110
54081,54,081,7,100,0,0,7,100,74303,0.9421,451110
54083,54,083,3,25,0,0,3,25,28005,1.0712,451110
54093,54,093,5,17,0,0,5,17,6747,7.4107,451110
54107,54,107,7,36,0,0,7,36,84272,0.8306,451110
55003,55,003,4,25,0,0,4,25,16041,2.4936,451110
55005,55,005,5,31,0,0,5,31,46683,1.0711,451110
55009,55,009,20,355,0,0,20,355,268393,0.7452,451110
55013,55,013,3,6,0,0,3,6,16561,1.8115,451110
55015,55,015,4,34,0,0,4,34,52361,0.7639,451110
55017,55,017,5,32,0,0,5,32,66254,0.7547,451110
55021,55,021,3,2,0,0,3,2,58272,0.5148,451110
55023,55,023,4,94,0,0,4,94,16123,2.4809,451110
55025,55,025,50,659,12,669,62,1328,559891,1.1074,451110
55027,55,027,6,55,0,0,6,55,89032,0.6739,451110
55029,55,029,9,31,0,0,9,31,30038,2.9962,451110
55031,55,031,5,41,0,0,5,41,44092,1.134,451110
55035,55,035,5,308,4,25,9,333,105697,0.8515,451110
55039,55,039,4,24,5,1039,9,1063,104027,0.8652,451110
55043,55,043,4,4,0,0,4,4,51842,0.7716,451110
55059,55,059,9,76,0,0,9,76,168693,0.5335,451110
55063,55,063,17,149,0,0,17,149,120216,1.4141,451110
55069,55,069,3,8,0,0,3,8,28402,1.0563,451110
55071,55,071,7,22,0,0,7,22,81242,0.8616,451110
55073,55,073,14,138,0,0,14,138,137820,1.0158,451110
55075,55,075,3,12,0,0,3,12,41827,0.7172,451110
55079,55,079,40,395,10,103,50,498,933063,0.5359,451110
55081,55,081,4,7,0,0,4,7,46208,0.8657,451110
55083,55,083,4,12,0,0,4,12,39048,1.0244,451110
55085,55,085,11,70,0,0,11,70,37799,2.9101,451110
55087,55,087,22,541,3,16,25,557,190611,1.3116,451110
55089,55,089,10,75,0,0,10,75,91745,1.09,451110
55093,55,093,4,11,0,0,4,11,42187,0.9482,451110
55095,55,095,3,15,0,0,3,15,45128,0.6648,451110
55097,55,097,9,67,0,0,9,67,70281,1.2806,451110
55101,55,101,13,117,4,108,17,225,197068,0.8626,451110
55105,55,105,11,92,0,0,11,92,163817,0.6715,451110
55109,55,109,8,56,3,17,11,73,93752,1.1733,451110
55111,55,111,4,30,0,0,4,30,65664,0.6092,451110
55113,55,113,5,37,0,0,5,37,18057,2.769,451110
55117,55,117,9,58,0,0,9,58,117741,0.7644,451110
55123,55,123,3,8,0,0,3,8,30811,0.9737,451110
55125,55,125,8,13,0,0,8,13,23146,3.4563,451110
55127,55,127,8,55,4,38,12,93,105127,1.1415,451110
55129,55,129,3,29,0,0,3,29,16685,1.798,451110
55131,55,131,8,198,4,69,12,267,136842,0.8769,451110
55133,55,133,43,638,11,39,54,677,407290,1.3258,451110
55135,55,135,4,14,0,0,4,14,51822,0.7719,451110
55139,55,139,16,143,0,0,16,143,171197,0.9346,451110
55141,55,141,5,47,0,0,5,47,74138,0.6744,451110
56001,56,001,3,16,0,0,3,16,37525,0.7995,451110
56005,56,005,7,62,0,0,7,62,46857,1.4939,451110
56013,56,013,9,58,0,0,9,58,39402,2.2841,451110
56021,56,021,11,173,0,0,11,173,100316,1.0965,451110
56025,56,025,17,184,4,18,21,202,79506,2.6413,451110
56029,56,029,8,53,0,0,8,53,29878,2.6776,451110
56033,56,033,9,144,0,0,9,144,31176,2.8868,451110
56035,56,035,4,10,0,0,4,10,8801,4.5449,451110
56037,56,037,5,42,0,0,5,42,42079,1.1882,451110
56039,56,039,16,104,0,0,16,104,23346,6.8534,451110
66160,66,160,4,38,0,0,4,38,,,451110
69110,69,110,3,16,0,0,3,16,,,451110
72005,72,005,7,7,0,0,7,7,54752,1.2785,451110
72013,72,013,4,6,0,0,4,6,87217,0.4586,451110
72017,72,017,3,45,0,0,3,45,22604,1.3272,451110
72021,72,021,11,47,0,0,11,47,184326,0.5968,451110
72023,72,023,3,3,0,0,3,3,46983,0.6385,451110
72025,72,025,8,88,3,23,11,111,126772,0.8677,451110
72031,72,031,4,15,0,0,4,15,154126,0.2595,451110
72053,72,053,3,13,0,0,3,13,31984,0.938,451110
72061,72,061,7,38,0,0,7,38,89554,0.7817,451110
72097,72,097,3,5,0,0,3,5,72721,0.4125,451110
72113,72,113,11,48,0,0,11,48,136542,0.8056,451110
72127,72,127,27,208,11,88,38,296,340903,1.1147,451110
72133,72,133,3,12,0,0,3,12,20207,1.4846,451110
72137,72,137,3,3,0,0,3,3,74854,0.4008,451110
72139,72,139,3,3,0,0,3,3,67497,0.4445,451110
