County,County Code,Year,Tests,Less than 5 mcg/dL,5-10 mcg/dL,10-15 mcg/dL,15+ mcg/dL,Total Elevated Blood Levels,county_fips,pct_elevated_5plus,pct_elevated_10plus,pct_elevated_15plus
Albany,1,2000,45,13.0,0.0,0.0,0.0,0.0,36001,0.0,0.0,0.0
Albany,1,2001,733,243.0,89.0,0.0,0.0,6.0,36001,0.82,0.0,0.0
Albany,1,2002,1024,359.0,83.0,0.0,0.0,0.0,36001,0.0,0.0,0.0
Albany,1,2003,1472,612.0,188.0,0.0,0.0,0.0,36001,0.0,0.0,0.0
Albany,1,2004,1694,652.0,256.0,0.0,0.0,10.0,36001,0.59,0.0,0.0
Albany,1,2005,2866,1184.0,512.0,0.0,0.0,48.0,36001,1.67,0.0,0.0
Albany,1,2006,2880,1419.0,417.0,0.0,0.0,17.0,36001,0.59,0.0,0.0
Albany,1,2007,2945,1306.0,353.0,0.0,0.0,31.0,36001,1.05,0.0,0.0
Albany,1,2008,2822,1084.0,215.0,0.0,0.0,6.0,36001,0.21,0.0,0.0
Albany,1,2009,2709,1076.0,142.0,0.0,0.0,8.0,36001,0.3,0.0,0.0
Albany,1,2010,2895,1359.0,146.0,0.0,0.0,0.0,36001,0.0,0.0,0.0
Albany,1,2011,2543,821.0,115.0,0.0,0.0,8.0,36001,0.31,0.0,0.0
Albany,1,2012,2260,1130.0,85.0,0.0,0.0,7.0,36001,0.31,0.0,0.0
Albany,1,2013,2603,865.0,46.0,0.0,0.0,0.0,36001,0.0,0.0,0.0
Albany,1,2014,2820,1248.0,84.0,0.0,0.0,0.0,36001,0.0,0.0,0.0
Albany,1,2015,2849,1296.0,62.0,0.0,0.0,7.0,36001,0.25,0.0,0.0
Albany,1,2016,3085,1247.0,92.0,0.0,0.0,9.0,36001,0.29,0.0,0.0
Albany,1,2017,3016,1043.0,70.0,0.0,0.0,0.0,36001,0.0,0.0,0.0
Albany,1,2018,3109,1065.0,84.0,0.0,0.0,0.0,36001,0.0,0.0,0.0
Albany,1,2019,3061,1169.0,75.0,0.0,0.0,6.0,36001,0.2,0.0,0.0
Albany,1,2020,2983,935.0,66.0,0.0,0.0,13.0,36001,0.44,0.0,0.0
Albany,1,2021,3362,1286.0,21.0,0.0,0.0,7.0,36001,0.21,0.0,0.0
Allegany,3,2000,3,0.0,0.0,0.0,0.0,0.0,36003,0.0,0.0,0.0
Allegany,3,2001,116,6.0,0.0,0.0,0.0,0.0,36003,0.0,0.0,0.0
Allegany,3,2002,168,31.0,6.0,0.0,0.0,0.0,36003,0.0,0.0,0.0
Allegany,3,2003,204,6.0,0.0,0.0,0.0,0.0,36003,0.0,0.0,0.0
Allegany,3,2004,250,28.0,12.0,0.0,0.0,0.0,36003,0.0,0.0,0.0
Allegany,3,2005,320,69.0,19.0,0.0,0.0,0.0,36003,0.0,0.0,0.0
Allegany,3,2006,303,38.0,18.0,0.0,0.0,0.0,36003,0.0,0.0,0.0
Allegany,3,2007,343,58.0,21.0,0.0,0.0,0.0,36003,0.0,0.0,0.0
Allegany,3,2008,351,65.0,8.0,0.0,0.0,0.0,36003,0.0,0.0,0.0
Allegany,3,2009,405,47.0,0.0,0.0,0.0,0.0,36003,0.0,0.0,0.0
Allegany,3,2010,477,77.0,0.0,0.0,0.0,0.0,36003,0.0,0.0,0.0
Allegany,3,2011,241,32.0,0.0,0.0,0.0,0.0,36003,0.0,0.0,0.0
Allegany,3,2012,240,27.0,0.0,0.0,0.0,0.0,36003,0.0,0.0,0.0
Allegany,3,2013,367,46.0,0.0,0.0,0.0,0.0,36003,0.0,0.0,0.0
Allegany,3,2014,422,90.0,0.0,0.0,0.0,0.0,36003,0.0,0.0,0.0
Allegany,3,2015,393,64.0,0.0,0.0,0.0,0.0,36003,0.0,0.0,0.0
Allegany,3,2016,441,75.0,0.0,0.0,0.0,0.0,36003,0.0,0.0,0.0
Allegany,3,2017,494,105.0,0.0,0.0,0.0,0.0,36003,0.0,0.0,0.0
Allegany,3,2018,475,97.0,0.0,0.0,0.0,0.0,36003,0.0,0.0,0.0
Allegany,3,2019,435,131.0,0.0,0.0,0.0,0.0,36003,0.0,0.0,0.0
Allegany,3,2020,442,157.0,0.0,0.0,0.0,0.0,36003,0.0,0.0,0.0
Allegany,3,2021,593,237.0,0.0,0.0,0.0,0.0,36003,0.0,0.0,0.0
Broome,7,2000,26,6.0,0.0,0.0,0.0,0.0,36007,0.0,0.0,0.0
Broome,7,2001,691,443.0,105.0,0.0,0.0,0.0,36007,0.0,0.0,0.0
Broome,7,2002,1046,632.0,225.0,0.0,0.0,0.0,36007,0.0,0.0,0.0
Broome,7,2003,1122,571.0,164.0,0.0,0.0,0.0,36007,0.0,0.0,0.0
Broome,7,2004,1339,659.0,143.0,0.0,0.0,0.0,36007,0.0,0.0,0.0
Broome,7,2005,1434,630.0,108.0,0.0,0.0,7.0,36007,0.49,0.0,0.0
Broome,7,2006,1744,878.0,169.0,0.0,0.0,0.0,36007,0.0,0.0,0.0
Broome,7,2007,1758,866.0,99.0,0.0,0.0,0.0,36007,0.0,0.0,0.0
Broome,7,2008,1555,533.0,55.0,0.0,0.0,0.0,36007,0.0,0.0,0.0
Broome,7,2009,1644,578.0,55.0,0.0,0.0,0.0,36007,0.0,0.0,0.0
Broome,7,2010,1832,753.0,68.0,0.0,0.0,7.0,36007,0.38,0.0,0.0
Broome,7,2011,1782,576.0,48.0,0.0,0.0,0.0,36007,0.0,0.0,0.0
Broome,7,2012,1650,555.0,31.0,0.0,0.0,8.0,36007,0.48,0.0,0.0
Broome,7,2013,1923,813.0,66.0,0.0,0.0,0.0,36007,0.0,0.0,0.0
Broome,7,2014,1928,800.0,40.0,0.0,0.0,0.0,36007,0.0,0.0,0.0
Broome,7,2015,1810,732.0,28.0,0.0,0.0,0.0,36007,0.0,0.0,0.0
Broome,7,2016,1871,543.0,21.0,0.0,0.0,0.0,36007,0.0,0.0,0.0
Broome,7,2017,1757,538.0,12.0,0.0,0.0,0.0,36007,0.0,0.0,0.0
Broome,7,2018,1637,687.0,23.0,0.0,0.0,0.0,36007,0.0,0.0,0.0
Broome,7,2019,1870,486.0,15.0,0.0,0.0,0.0,36007,0.0,0.0,0.0
Broome,7,2020,1416,552.0,0.0,0.0,0.0,0.0,36007,0.0,0.0,0.0
Broome,7,2021,1880,1186.0,13.0,0.0,0.0,0.0,36007,0.0,0.0,0.0
Cattaraugus,9,2000,12,0.0,0.0,0.0,0.0,0.0,36009,0.0,0.0,0.0
Cattaraugus,9,2001,280,115.0,16.0,0.0,0.0,0.0,36009,0.0,0.0,0.0
Cattaraugus,9,2002,389,133.0,34.0,0.0,0.0,0.0,36009,0.0,0.0,0.0
Cattaraugus,9,2003,461,115.0,17.0,0.0,0.0,0.0,36009,0.0,0.0,0.0
Cattaraugus,9,2004,581,178.0,24.0,0.0,0.0,0.0,36009,0.0,0.0,0.0
Cattaraugus,9,2005,603,172.0,15.0,0.0,0.0,0.0,36009,0.0,0.0,0.0
Cattaraugus,9,2006,659,188.0,12.0,0.0,0.0,0.0,36009,0.0,0.0,0.0
Cattaraugus,9,2007,675,293.0,26.0,0.0,0.0,0.0,36009,0.0,0.0,0.0
Cattaraugus,9,2008,728,233.0,7.0,0.0,0.0,0.0,36009,0.0,0.0,0.0
Cattaraugus,9,2009,726,189.0,18.0,0.0,0.0,0.0,36009,0.0,0.0,0.0
Cattaraugus,9,2010,733,208.0,14.0,0.0,0.0,0.0,36009,0.0,0.0,0.0
Cattaraugus,9,2011,568,195.0,8.0,0.0,0.0,0.0,36009,0.0,0.0,0.0
Cattaraugus,9,2012,681,240.0,9.0,0.0,0.0,0.0,36009,0.0,0.0,0.0
Cattaraugus,9,2013,796,230.0,11.0,0.0,0.0,0.0,36009,0.0,0.0,0.0
Cattaraugus,9,2014,819,240.0,8.0,0.0,0.0,0.0,36009,0.0,0.0,0.0
Cattaraugus,9,2015,825,270.0,0.0,0.0,0.0,0.0,36009,0.0,0.0,0.0
Cattaraugus,9,2016,836,293.0,6.0,0.0,0.0,0.0,36009,0.0,0.0,0.0
Cattaraugus,9,2017,911,365.0,9.0,0.0,0.0,0.0,36009,0.0,0.0,0.0
Cattaraugus,9,2018,755,241.0,0.0,0.0,0.0,0.0,36009,0.0,0.0,0.0
Cattaraugus,9,2019,823,234.0,7.0,0.0,0.0,7.0,36009,0.85,0.0,0.0
Cattaraugus,9,2020,773,225.0,0.0,0.0,0.0,0.0,36009,0.0,0.0,0.0
Cattaraugus,9,2021,999,319.0,0.0,0.0,0.0,6.0,36009,0.6,0.0,0.0
Cayuga,11,2000,5,0.0,0.0,0.0,0.0,0.0,36011,0.0,0.0,0.0
Cayuga,11,2001,227,85.0,36.0,0.0,0.0,0.0,36011,0.0,0.0,0.0
Cayuga,11,2002,341,144.0,47.0,0.0,0.0,0.0,36011,0.0,0.0,0.0
Cayuga,11,2003,430,219.0,40.0,0.0,0.0,0.0,36011,0.0,0.0,0.0
Cayuga,11,2004,419,200.0,46.0,0.0,0.0,0.0,36011,0.0,0.0,0.0
Cayuga,11,2005,393,171.0,49.0,0.0,0.0,0.0,36011,0.0,0.0,0.0
Cayuga,11,2006,619,268.0,58.0,0.0,0.0,0.0,36011,0.0,0.0,0.0
Cayuga,11,2007,590,225.0,38.0,0.0,0.0,0.0,36011,0.0,0.0,0.0
Cayuga,11,2008,643,273.0,32.0,0.0,0.0,0.0,36011,0.0,0.0,0.0
Cayuga,11,2009,700,469.0,42.0,0.0,0.0,0.0,36011,0.0,0.0,0.0
Cayuga,11,2010,685,364.0,17.0,0.0,0.0,0.0,36011,0.0,0.0,0.0
Cayuga,11,2011,514,233.0,16.0,0.0,0.0,0.0,36011,0.0,0.0,0.0
Cayuga,11,2012,586,309.0,18.0,0.0,0.0,0.0,36011,0.0,0.0,0.0
Cayuga,11,2013,685,341.0,36.0,0.0,0.0,0.0,36011,0.0,0.0,0.0
Cayuga,11,2014,702,342.0,19.0,0.0,0.0,0.0,36011,0.0,0.0,0.0
Cayuga,11,2015,652,285.0,12.0,0.0,0.0,0.0,36011,0.0,0.0,0.0
Cayuga,11,2016,704,389.0,29.0,0.0,0.0,0.0,36011,0.0,0.0,0.0
Cayuga,11,2017,741,410.0,25.0,0.0,0.0,0.0,36011,0.0,0.0,0.0
Cayuga,11,2018,752,375.0,25.0,0.0,0.0,0.0,36011,0.0,0.0,0.0
Cayuga,11,2019,755,467.0,18.0,0.0,0.0,0.0,36011,0.0,0.0,0.0
Cayuga,11,2020,701,276.0,7.0,0.0,0.0,0.0,36011,0.0,0.0,0.0
Cayuga,11,2021,856,574.0,15.0,0.0,0.0,0.0,36011,0.0,0.0,0.0
Chautauqua,13,2001,490,245.0,62.0,0.0,0.0,0.0,36013,0.0,0.0,0.0
Chautauqua,13,2002,736,301.0,77.0,0.0,0.0,0.0,36013,0.0,0.0,0.0
Chautauqua,13,2003,526,178.0,45.0,0.0,0.0,0.0,36013,0.0,0.0,0.0
Chautauqua,13,2004,741,260.0,93.0,0.0,0.0,0.0,36013,0.0,0.0,0.0
Chautauqua,13,2005,1132,470.0,119.0,0.0,0.0,8.0,36013,0.71,0.0,0.0
Chautauqua,13,2006,1052,441.0,71.0,0.0,0.0,0.0,36013,0.0,0.0,0.0
Chautauqua,13,2007,1094,541.0,87.0,0.0,0.0,0.0,36013,0.0,0.0,0.0
Chautauqua,13,2008,1069,500.0,81.0,0.0,0.0,0.0,36013,0.0,0.0,0.0
Chautauqua,13,2009,1463,722.0,88.0,0.0,0.0,0.0,36013,0.0,0.0,0.0
Chautauqua,13,2010,1419,753.0,72.0,0.0,0.0,15.0,36013,1.06,0.0,0.0
Chautauqua,13,2011,1078,497.0,67.0,0.0,0.0,6.0,36013,0.56,0.0,0.0
Chautauqua,13,2012,1103,523.0,82.0,0.0,0.0,10.0,36013,0.91,0.0,0.0
Chautauqua,13,2013,1327,747.0,79.0,0.0,0.0,6.0,36013,0.45,0.0,0.0
Chautauqua,13,2014,1345,804.0,63.0,0.0,0.0,6.0,36013,0.45,0.0,0.0
Chautauqua,13,2015,1303,669.0,37.0,0.0,0.0,9.0,36013,0.69,0.0,0.0
Chautauqua,13,2016,1405,764.0,32.0,0.0,0.0,7.0,36013,0.5,0.0,0.0
Chautauqua,13,2017,1365,664.0,44.0,0.0,0.0,0.0,36013,0.0,0.0,0.0
Chautauqua,13,2018,1260,751.0,28.0,0.0,0.0,16.0,36013,1.27,0.0,0.0
Chautauqua,13,2019,1252,716.0,19.0,0.0,0.0,8.0,36013,0.64,0.0,0.0
Chautauqua,13,2020,1130,674.0,29.0,0.0,0.0,19.0,36013,1.68,0.0,0.0
Chautauqua,13,2021,1503,995.0,17.0,6.0,7.0,24.0,36013,1.6,0.865,0.466
Chemung,15,2000,2,0.0,0.0,0.0,0.0,0.0,36015,0.0,0.0,0.0
Chemung,15,2001,86,8.0,0.0,0.0,0.0,0.0,36015,0.0,0.0,0.0
Chemung,15,2002,196,45.0,14.0,0.0,0.0,0.0,36015,0.0,0.0,0.0
Chemung,15,2003,524,268.0,114.0,0.0,0.0,0.0,36015,0.0,0.0,0.0
Chemung,15,2004,586,288.0,145.0,0.0,0.0,0.0,36015,0.0,0.0,0.0
Chemung,15,2005,603,213.0,75.0,0.0,0.0,0.0,36015,0.0,0.0,0.0
Chemung,15,2006,696,253.0,55.0,0.0,0.0,0.0,36015,0.0,0.0,0.0
Chemung,15,2007,518,188.0,41.0,0.0,0.0,0.0,36015,0.0,0.0,0.0
Chemung,15,2008,883,392.0,60.0,0.0,0.0,0.0,36015,0.0,0.0,0.0
Chemung,15,2009,1077,341.0,42.0,0.0,0.0,0.0,36015,0.0,0.0,0.0
Chemung,15,2010,904,379.0,40.0,0.0,0.0,0.0,36015,0.0,0.0,0.0
Chemung,15,2011,266,61.0,0.0,0.0,0.0,0.0,36015,0.0,0.0,0.0
Chemung,15,2012,307,52.0,6.0,0.0,0.0,0.0,36015,0.0,0.0,0.0
Chemung,15,2013,759,231.0,26.0,0.0,0.0,0.0,36015,0.0,0.0,0.0
Chemung,15,2014,850,367.0,58.0,0.0,0.0,0.0,36015,0.0,0.0,0.0
Chemung,15,2015,917,305.0,45.0,0.0,0.0,8.0,36015,0.87,0.0,0.0
Chemung,15,2016,913,444.0,49.0,0.0,0.0,0.0,36015,0.0,0.0,0.0
Chemung,15,2017,1097,386.0,25.0,0.0,0.0,0.0,36015,0.0,0.0,0.0
Chemung,15,2018,680,200.0,8.0,0.0,0.0,0.0,36015,0.0,0.0,0.0
Chemung,15,2019,731,316.0,14.0,0.0,0.0,0.0,36015,0.0,0.0,0.0
Chemung,15,2020,1005,509.0,26.0,0.0,0.0,0.0,36015,0.0,0.0,0.0
Chemung,15,2021,867,117.0,0.0,0.0,0.0,0.0,36015,0.0,0.0,0.0
Chenango,17,2000,7,0.0,0.0,0.0,0.0,0.0,36017,0.0,0.0,0.0
Chenango,17,2001,172,54.0,15.0,0.0,0.0,0.0,36017,0.0,0.0,0.0
Chenango,17,2002,267,81.0,33.0,0.0,0.0,0.0,36017,0.0,0.0,0.0
Chenango,17,2003,263,83.0,35.0,0.0,0.0,0.0,36017,0.0,0.0,0.0
Chenango,17,2004,324,82.0,18.0,0.0,0.0,0.0,36017,0.0,0.0,0.0
Chenango,17,2005,424,90.0,38.0,0.0,0.0,0.0,36017,0.0,0.0,0.0
Chenango,17,2006,549,167.0,42.0,0.0,0.0,0.0,36017,0.0,0.0,0.0
Chenango,17,2007,559,158.0,26.0,0.0,0.0,0.0,36017,0.0,0.0,0.0
Chenango,17,2008,375,151.0,22.0,0.0,0.0,0.0,36017,0.0,0.0,0.0
Chenango,17,2009,472,138.0,21.0,0.0,0.0,0.0,36017,0.0,0.0,0.0
Chenango,17,2010,474,151.0,20.0,0.0,0.0,0.0,36017,0.0,0.0,0.0
Chenango,17,2011,437,152.0,6.0,0.0,0.0,0.0,36017,0.0,0.0,0.0
Chenango,17,2012,454,161.0,8.0,0.0,0.0,0.0,36017,0.0,0.0,0.0
Chenango,17,2013,491,143.0,6.0,0.0,0.0,0.0,36017,0.0,0.0,0.0
Chenango,17,2014,410,117.0,6.0,0.0,0.0,0.0,36017,0.0,0.0,0.0
Chenango,17,2015,473,146.0,7.0,0.0,0.0,0.0,36017,0.0,0.0,0.0
Chenango,17,2016,539,239.0,12.0,0.0,0.0,0.0,36017,0.0,0.0,0.0
Chenango,17,2017,463,80.0,0.0,0.0,0.0,0.0,36017,0.0,0.0,0.0
Chenango,17,2018,490,141.0,6.0,0.0,0.0,0.0,36017,0.0,0.0,0.0
Chenango,17,2019,501,188.0,6.0,0.0,0.0,0.0,36017,0.0,0.0,0.0
Chenango,17,2020,357,137.0,0.0,0.0,0.0,0.0,36017,0.0,0.0,0.0
Chenango,17,2021,571,160.0,0.0,0.0,0.0,0.0,36017,0.0,0.0,0.0
Clinton,19,2000,13,0.0,0.0,0.0,0.0,0.0,36019,0.0,0.0,0.0
Clinton,19,2001,336,146.0,13.0,0.0,0.0,0.0,36019,0.0,0.0,0.0
Clinton,19,2002,436,196.0,13.0,0.0,0.0,0.0,36019,0.0,0.0,0.0
Clinton,19,2003,577,221.0,16.0,0.0,0.0,0.0,36019,0.0,0.0,0.0
Clinton,19,2004,689,293.0,8.0,0.0,0.0,0.0,36019,0.0,0.0,0.0
Clinton,19,2005,703,141.0,0.0,0.0,0.0,0.0,36019,0.0,0.0,0.0
Clinton,19,2006,661,313.0,8.0,0.0,0.0,0.0,36019,0.0,0.0,0.0
Clinton,19,2007,683,363.0,7.0,0.0,0.0,0.0,36019,0.0,0.0,0.0
Clinton,19,2008,601,313.0,0.0,0.0,0.0,0.0,36019,0.0,0.0,0.0
Clinton,19,2009,530,265.0,0.0,0.0,0.0,0.0,36019,0.0,0.0,0.0
Clinton,19,2010,358,137.0,0.0,0.0,0.0,0.0,36019,0.0,0.0,0.0
Clinton,19,2011,75,31.0,0.0,0.0,0.0,0.0,36019,0.0,0.0,0.0
Clinton,19,2012,234,107.0,0.0,0.0,0.0,0.0,36019,0.0,0.0,0.0
Clinton,19,2013,643,178.0,0.0,0.0,0.0,0.0,36019,0.0,0.0,0.0
Clinton,19,2014,716,303.0,0.0,0.0,0.0,0.0,36019,0.0,0.0,0.0
Clinton,19,2015,833,371.0,0.0,0.0,0.0,0.0,36019,0.0,0.0,0.0
Clinton,19,2016,883,336.0,0.0,0.0,0.0,0.0,36019,0.0,0.0,0.0
Clinton,19,2017,793,450.0,0.0,0.0,0.0,0.0,36019,0.0,0.0,0.0
Clinton,19,2018,732,348.0,0.0,0.0,0.0,0.0,36019,0.0,0.0,0.0
Clinton,19,2019,782,364.0,0.0,0.0,0.0,0.0,36019,0.0,0.0,0.0
Clinton,19,2020,928,683.0,0.0,0.0,0.0,0.0,36019,0.0,0.0,0.0
Clinton,19,2021,756,641.0,0.0,0.0,0.0,0.0,36019,0.0,0.0,0.0
Columbia,21,2000,10,0.0,0.0,0.0,0.0,0.0,36021,0.0,0.0,0.0
Columbia,21,2001,201,80.0,16.0,0.0,0.0,0.0,36021,0.0,0.0,0.0
Columbia,21,2002,252,75.0,48.0,0.0,0.0,0.0,36021,0.0,0.0,0.0
Columbia,21,2003,321,116.0,50.0,0.0,0.0,6.0,36021,1.87,0.0,0.0
Columbia,21,2004,433,113.0,78.0,0.0,0.0,0.0,36021,0.0,0.0,0.0
Columbia,21,2005,435,124.0,90.0,0.0,0.0,0.0,36021,0.0,0.0,0.0
Columbia,21,2006,518,142.0,79.0,0.0,0.0,0.0,36021,0.0,0.0,0.0
Columbia,21,2007,593,197.0,75.0,0.0,0.0,0.0,36021,0.0,0.0,0.0
Columbia,21,2008,533,133.0,36.0,0.0,0.0,0.0,36021,0.0,0.0,0.0
Columbia,21,2009,445,108.0,19.0,0.0,0.0,0.0,36021,0.0,0.0,0.0
Columbia,21,2010,473,162.0,17.0,0.0,0.0,0.0,36021,0.0,0.0,0.0
Columbia,21,2011,488,201.0,30.0,0.0,0.0,0.0,36021,0.0,0.0,0.0
Columbia,21,2012,410,150.0,15.0,0.0,0.0,0.0,36021,0.0,0.0,0.0
Columbia,21,2013,433,108.0,15.0,0.0,0.0,0.0,36021,0.0,0.0,0.0
Columbia,21,2014,514,168.0,11.0,0.0,0.0,0.0,36021,0.0,0.0,0.0
Columbia,21,2015,489,91.0,0.0,0.0,0.0,0.0,36021,0.0,0.0,0.0
Columbia,21,2016,501,162.0,7.0,0.0,0.0,0.0,36021,0.0,0.0,0.0
Columbia,21,2017,477,232.0,12.0,0.0,0.0,0.0,36021,0.0,0.0,0.0
Columbia,21,2018,457,102.0,6.0,0.0,0.0,0.0,36021,0.0,0.0,0.0
Columbia,21,2019,402,65.0,0.0,0.0,0.0,0.0,36021,0.0,0.0,0.0
Columbia,21,2020,320,89.0,0.0,0.0,0.0,0.0,36021,0.0,0.0,0.0
Columbia,21,2021,566,197.0,0.0,0.0,0.0,0.0,36021,0.0,0.0,0.0
Cortland,23,2000,4,0.0,0.0,0.0,0.0,0.0,36023,0.0,0.0,0.0
Cortland,23,2001,34,13.0,6.0,0.0,0.0,0.0,36023,0.0,0.0,0.0
Cortland,23,2002,77,8.0,0.0,0.0,0.0,0.0,36023,0.0,0.0,0.0
Cortland,23,2003,64,13.0,6.0,0.0,0.0,0.0,36023,0.0,0.0,0.0
Cortland,23,2004,131,33.0,6.0,0.0,0.0,0.0,36023,0.0,0.0,0.0
Cortland,23,2005,392,172.0,27.0,0.0,0.0,0.0,36023,0.0,0.0,0.0
Cortland,23,2006,454,244.0,63.0,0.0,0.0,0.0,36023,0.0,0.0,0.0
Cortland,23,2007,399,218.0,30.0,0.0,0.0,0.0,36023,0.0,0.0,0.0
Cortland,23,2008,445,204.0,99.0,0.0,0.0,0.0,36023,0.0,0.0,0.0
Cortland,23,2009,393,189.0,26.0,0.0,0.0,0.0,36023,0.0,0.0,0.0
Cortland,23,2010,416,238.0,18.0,0.0,0.0,6.0,36023,1.44,0.0,0.0
Cortland,23,2011,396,197.0,18.0,0.0,0.0,0.0,36023,0.0,0.0,0.0
Cortland,23,2012,449,200.0,16.0,0.0,0.0,0.0,36023,0.0,0.0,0.0
Cortland,23,2013,467,257.0,14.0,0.0,0.0,0.0,36023,0.0,0.0,0.0
Cortland,23,2014,392,30.0,0.0,0.0,0.0,0.0,36023,0.0,0.0,0.0
Cortland,23,2015,438,311.0,16.0,0.0,0.0,0.0,36023,0.0,0.0,0.0
Cortland,23,2016,453,200.0,10.0,0.0,0.0,0.0,36023,0.0,0.0,0.0
Cortland,23,2017,450,167.0,7.0,0.0,0.0,0.0,36023,0.0,0.0,0.0
Cortland,23,2018,530,66.0,0.0,0.0,0.0,0.0,36023,0.0,0.0,0.0
Cortland,23,2019,433,134.0,0.0,0.0,0.0,0.0,36023,0.0,0.0,0.0
Cortland,23,2020,354,61.0,0.0,0.0,0.0,0.0,36023,0.0,0.0,0.0
Cortland,23,2021,413,105.0,0.0,0.0,0.0,0.0,36023,0.0,0.0,0.0
Delaware,25,2000,3,0.0,0.0,0.0,0.0,0.0,36025,0.0,0.0,0.0
Delaware,25,2001,135,22.0,16.0,0.0,0.0,0.0,36025,0.0,0.0,0.0
Delaware,25,2002,166,8.0,7.0,0.0,0.0,0.0,36025,0.0,0.0,0.0
Delaware,25,2003,207,0.0,0.0,0.0,0.0,0.0,36025,0.0,0.0,0.0
Delaware,25,2004,309,26.0,13.0,0.0,0.0,0.0,36025,0.0,0.0,0.0
Delaware,25,2005,344,38.0,13.0,0.0,0.0,0.0,36025,0.0,0.0,0.0
Delaware,25,2006,372,44.0,24.0,0.0,0.0,0.0,36025,0.0,0.0,0.0
Delaware,25,2007,334,22.0,0.0,0.0,0.0,0.0,36025,0.0,0.0,0.0
Delaware,25,2008,252,8.0,0.0,0.0,0.0,0.0,36025,0.0,0.0,0.0
Delaware,25,2009,283,35.0,6.0,0.0,0.0,0.0,36025,0.0,0.0,0.0
Delaware,25,2010,388,96.0,0.0,0.0,0.0,0.0,36025,0.0,0.0,0.0
Delaware,25,2011,344,90.0,7.0,0.0,0.0,0.0,36025,0.0,0.0,0.0
Delaware,25,2012,401,88.0,6.0,0.0,0.0,0.0,36025,0.0,0.0,0.0
Delaware,25,2013,368,110.0,7.0,0.0,0.0,0.0,36025,0.0,0.0,0.0
Delaware,25,2014,375,73.0,0.0,0.0,0.0,0.0,36025,0.0,0.0,0.0
Delaware,25,2015,375,112.0,0.0,0.0,0.0,0.0,36025,0.0,0.0,0.0
Delaware,25,2016,454,78.0,0.0,0.0,0.0,0.0,36025,0.0,0.0,0.0
Delaware,25,2017,302,93.0,0.0,0.0,0.0,0.0,36025,0.0,0.0,0.0
Delaware,25,2018,417,112.0,0.0,0.0,0.0,0.0,36025,0.0,0.0,0.0
Delaware,25,2019,355,176.0,0.0,0.0,0.0,0.0,36025,0.0,0.0,0.0
Delaware,25,2020,365,89.0,0.0,0.0,0.0,0.0,36025,0.0,0.0,0.0
Delaware,25,2021,559,171.0,0.0,0.0,0.0,0.0,36025,0.0,0.0,0.0
Dutchess,27,2000,37,0.0,0.0,0.0,0.0,0.0,36027,0.0,0.0,0.0
Dutchess,27,2001,449,81.0,20.0,0.0,0.0,0.0,36027,0.0,0.0,0.0
Dutchess,27,2002,874,405.0,76.0,0.0,0.0,0.0,36027,0.0,0.0,0.0
Dutchess,27,2003,1071,341.0,52.0,0.0,0.0,0.0,36027,0.0,0.0,0.0
Dutchess,27,2004,2279,1028.0,278.0,0.0,0.0,0.0,36027,0.0,0.0,0.0
Dutchess,27,2005,2393,1273.0,253.0,0.0,0.0,0.0,36027,0.0,0.0,0.0
Dutchess,27,2006,2721,1244.0,191.0,0.0,0.0,6.0,36027,0.22,0.0,0.0
Dutchess,27,2007,3056,1635.0,258.0,0.0,0.0,0.0,36027,0.0,0.0,0.0
Dutchess,27,2008,2890,1596.0,181.0,0.0,0.0,0.0,36027,0.0,0.0,0.0
Dutchess,27,2009,2471,1366.0,150.0,0.0,0.0,8.0,36027,0.32,0.0,0.0
Dutchess,27,2010,2701,1323.0,122.0,0.0,0.0,7.0,36027,0.26,0.0,0.0
Dutchess,27,2011,2776,1414.0,111.0,0.0,0.0,11.0,36027,0.4,0.0,0.0
Dutchess,27,2012,2807,1450.0,69.0,0.0,0.0,6.0,36027,0.21,0.0,0.0
Dutchess,27,2013,2498,1131.0,33.0,0.0,0.0,0.0,36027,0.0,0.0,0.0
Dutchess,27,2014,2681,1560.0,32.0,0.0,0.0,6.0,36027,0.22,0.0,0.0
Dutchess,27,2015,2681,1929.0,30.0,0.0,0.0,0.0,36027,0.0,0.0,0.0
Dutchess,27,2016,2725,1417.0,21.0,0.0,0.0,0.0,36027,0.0,0.0,0.0
Dutchess,27,2017,2862,1556.0,21.0,0.0,0.0,8.0,36027,0.28,0.0,0.0
Dutchess,27,2018,2713,1133.0,6.0,0.0,0.0,0.0,36027,0.0,0.0,0.0
Dutchess,27,2019,2845,1916.0,21.0,0.0,0.0,6.0,36027,0.21,0.0,0.0
Dutchess,27,2020,2722,1537.0,6.0,0.0,0.0,0.0,36027,0.0,0.0,0.0
Dutchess,27,2021,3910,1973.0,17.0,0.0,0.0,0.0,36027,0.0,0.0,0.0
Erie,29,2000,20,0.0,0.0,0.0,0.0,0.0,36029,0.0,0.0,0.0
Erie,29,2001,2869,1805.0,356.0,6.0,0.0,30.0,36029,1.05,0.209,0.0
Erie,29,2002,1449,517.0,208.0,0.0,0.0,13.0,36029,0.9,0.0,0.0
Erie,29,2003,2888,874.0,196.0,0.0,0.0,37.0,36029,1.28,0.0,0.0
Erie,29,2004,55,0.0,0.0,0.0,0.0,0.0,36029,0.0,0.0,0.0
Erie,29,2005,79,8.0,0.0,0.0,0.0,0.0,36029,0.0,0.0,0.0
Erie,29,2006,87,0.0,0.0,0.0,0.0,0.0,36029,0.0,0.0,0.0
Erie,29,2007,4363,1294.0,338.0,0.0,0.0,26.0,36029,0.6,0.0,0.0
Erie,29,2008,9418,4136.0,712.0,0.0,0.0,82.0,36029,0.87,0.0,0.0
Erie,29,2009,10442,5288.0,1077.0,45.0,45.0,181.0,36029,1.73,0.862,0.431
Erie,29,2010,11382,5253.0,1076.0,89.0,73.0,247.0,36029,2.17,1.423,0.641
Erie,29,2011,7342,3401.0,810.0,36.0,30.0,190.0,36029,2.59,0.899,0.409
Erie,29,2012,6079,2256.0,620.0,27.0,30.0,136.0,36029,2.24,0.938,0.494
Erie,29,2013,8420,3659.0,772.0,25.0,14.0,128.0,36029,1.52,0.463,0.166
Erie,29,2014,10106,4220.0,623.0,17.0,13.0,137.0,36029,1.36,0.297,0.129
Erie,29,2015,9869,4333.0,562.0,18.0,18.0,128.0,36029,1.3,0.365,0.182
Erie,29,2016,10932,5046.0,714.0,11.0,6.0,127.0,36029,1.16,0.156,0.055
Erie,29,2017,11324,4261.0,473.0,14.0,15.0,170.0,36029,1.5,0.256,0.132
Erie,29,2018,10774,4861.0,400.0,21.0,25.0,134.0,36029,1.24,0.427,0.232
Erie,29,2019,10120,4847.0,335.0,0.0,0.0,108.0,36029,1.07,0.0,0.0
Erie,29,2020,10894,4622.0,257.0,0.0,0.0,81.0,36029,0.74,0.0,0.0
Erie,29,2021,13904,7287.0,246.0,0.0,8.0,106.0,36029,0.76,0.058,0.058
Essex,31,2000,5,0.0,0.0,0.0,0.0,0.0,36031,0.0,0.0,0.0
Essex,31,2001,72,0.0,0.0,0.0,0.0,0.0,36031,0.0,0.0,0.0
Essex,31,2002,121,10.0,0.0,0.0,0.0,0.0,36031,0.0,0.0,0.0
Essex,31,2003,164,19.0,6.0,0.0,0.0,0.0,36031,0.0,0.0,0.0
Essex,31,2004,118,20.0,6.0,0.0,0.0,0.0,36031,0.0,0.0,0.0
Essex,31,2005,237,35.0,9.0,0.0,0.0,0.0,36031,0.0,0.0,0.0
Essex,31,2006,228,14.0,6.0,0.0,0.0,0.0,36031,0.0,0.0,0.0
Essex,31,2007,233,0.0,0.0,0.0,0.0,0.0,36031,0.0,0.0,0.0
Essex,31,2008,219,12.0,0.0,0.0,0.0,0.0,36031,0.0,0.0,0.0
Essex,31,2009,223,8.0,0.0,0.0,0.0,0.0,36031,0.0,0.0,0.0
Essex,31,2010,193,41.0,0.0,0.0,0.0,0.0,36031,0.0,0.0,0.0
Essex,31,2011,212,52.0,0.0,0.0,0.0,0.0,36031,0.0,0.0,0.0
Essex,31,2012,181,41.0,0.0,0.0,0.0,0.0,36031,0.0,0.0,0.0
Essex,31,2013,216,41.0,0.0,0.0,0.0,0.0,36031,0.0,0.0,0.0
Essex,31,2014,316,140.0,0.0,0.0,0.0,0.0,36031,0.0,0.0,0.0
Essex,31,2015,284,57.0,0.0,0.0,0.0,0.0,36031,0.0,0.0,0.0
Essex,31,2016,302,123.0,0.0,0.0,0.0,0.0,36031,0.0,0.0,0.0
Essex,31,2017,300,109.0,0.0,0.0,0.0,0.0,36031,0.0,0.0,0.0
Essex,31,2018,284,71.0,0.0,0.0,0.0,0.0,36031,0.0,0.0,0.0
Essex,31,2019,289,107.0,0.0,0.0,0.0,0.0,36031,0.0,0.0,0.0
Essex,31,2020,258,87.0,0.0,0.0,0.0,0.0,36031,0.0,0.0,0.0
Essex,31,2021,307,152.0,0.0,0.0,0.0,0.0,36031,0.0,0.0,0.0
Franklin,33,2000,3,0.0,0.0,0.0,0.0,0.0,36033,0.0,0.0,0.0
Franklin,33,2001,86,12.0,7.0,0.0,0.0,0.0,36033,0.0,0.0,0.0
Franklin,33,2002,95,6.0,0.0,0.0,0.0,0.0,36033,0.0,0.0,0.0
Franklin,33,2003,200,20.0,7.0,0.0,0.0,0.0,36033,0.0,0.0,0.0
Franklin,33,2004,252,16.0,6.0,0.0,0.0,0.0,36033,0.0,0.0,0.0
Franklin,33,2005,338,74.0,6.0,0.0,0.0,0.0,36033,0.0,0.0,0.0
Franklin,33,2006,308,43.0,10.0,0.0,0.0,0.0,36033,0.0,0.0,0.0
Franklin,33,2007,301,43.0,7.0,0.0,0.0,0.0,36033,0.0,0.0,0.0
Franklin,33,2008,374,121.0,0.0,0.0,0.0,0.0,36033,0.0,0.0,0.0
Franklin,33,2009,395,78.0,0.0,0.0,0.0,0.0,36033,0.0,0.0,0.0
Franklin,33,2010,262,69.0,0.0,0.0,0.0,0.0,36033,0.0,0.0,0.0
Franklin,33,2011,238,39.0,0.0,0.0,0.0,0.0,36033,0.0,0.0,0.0
Franklin,33,2012,227,63.0,0.0,0.0,0.0,0.0,36033,0.0,0.0,0.0
Franklin,33,2013,381,149.0,0.0,0.0,0.0,0.0,36033,0.0,0.0,0.0
Franklin,33,2014,499,199.0,0.0,0.0,0.0,0.0,36033,0.0,0.0,0.0
Franklin,33,2015,427,120.0,0.0,0.0,0.0,0.0,36033,0.0,0.0,0.0
Franklin,33,2016,412,90.0,0.0,0.0,0.0,0.0,36033,0.0,0.0,0.0
Franklin,33,2017,470,199.0,0.0,0.0,0.0,0.0,36033,0.0,0.0,0.0
Franklin,33,2018,451,171.0,0.0,0.0,0.0,0.0,36033,0.0,0.0,0.0
Franklin,33,2019,431,170.0,0.0,0.0,0.0,0.0,36033,0.0,0.0,0.0
Franklin,33,2020,374,146.0,0.0,0.0,0.0,0.0,36033,0.0,0.0,0.0
Franklin,33,2021,498,233.0,0.0,0.0,0.0,0.0,36033,0.0,0.0,0.0
Fulton,35,2000,3,0.0,0.0,0.0,0.0,0.0,36035,0.0,0.0,0.0
Fulton,35,2001,167,67.0,14.0,0.0,0.0,0.0,36035,0.0,0.0,0.0
Fulton,35,2002,334,189.0,58.0,0.0,0.0,9.0,36035,2.69,0.0,0.0
Fulton,35,2003,311,120.0,57.0,0.0,0.0,0.0,36035,0.0,0.0,0.0
Fulton,35,2004,454,182.0,81.0,0.0,0.0,13.0,36035,2.86,0.0,0.0
Fulton,35,2005,591,251.0,97.0,0.0,0.0,24.0,36035,4.06,0.0,0.0
Fulton,35,2006,566,229.0,88.0,0.0,0.0,0.0,36035,0.0,0.0,0.0
Fulton,35,2007,608,282.0,76.0,0.0,0.0,16.0,36035,2.63,0.0,0.0
Fulton,35,2008,516,230.0,43.0,0.0,0.0,0.0,36035,0.0,0.0,0.0
Fulton,35,2009,495,218.0,72.0,0.0,0.0,0.0,36035,0.0,0.0,0.0
Fulton,35,2010,504,261.0,63.0,0.0,0.0,10.0,36035,1.98,0.0,0.0
Fulton,35,2011,521,251.0,53.0,0.0,0.0,0.0,36035,0.0,0.0,0.0
Fulton,35,2012,492,159.0,27.0,0.0,0.0,8.0,36035,1.63,0.0,0.0
Fulton,35,2013,613,263.0,40.0,0.0,0.0,11.0,36035,1.79,0.0,0.0
Fulton,35,2014,632,291.0,43.0,0.0,0.0,14.0,36035,2.22,0.0,0.0
Fulton,35,2015,554,301.0,35.0,0.0,0.0,0.0,36035,0.0,0.0,0.0
Fulton,35,2016,547,269.0,28.0,0.0,0.0,0.0,36035,0.0,0.0,0.0
Fulton,35,2017,593,244.0,35.0,0.0,0.0,8.0,36035,1.35,0.0,0.0
Fulton,35,2018,478,215.0,20.0,0.0,0.0,0.0,36035,0.0,0.0,0.0
Fulton,35,2019,532,199.0,6.0,0.0,0.0,0.0,36035,0.0,0.0,0.0
Fulton,35,2020,501,271.0,22.0,0.0,0.0,0.0,36035,0.0,0.0,0.0
Fulton,35,2021,667,410.0,27.0,0.0,0.0,6.0,36035,0.9,0.0,0.0
Genesee,37,2000,8,0.0,0.0,0.0,0.0,0.0,36037,0.0,0.0,0.0
Genesee,37,2001,159,79.0,8.0,0.0,0.0,0.0,36037,0.0,0.0,0.0
Genesee,37,2002,339,137.0,20.0,0.0,0.0,0.0,36037,0.0,0.0,0.0
Genesee,37,2003,346,44.0,6.0,0.0,0.0,0.0,36037,0.0,0.0,0.0
Genesee,37,2004,488,186.0,21.0,0.0,0.0,0.0,36037,0.0,0.0,0.0
Genesee,37,2005,361,49.0,0.0,0.0,0.0,0.0,36037,0.0,0.0,0.0
Genesee,37,2006,527,210.0,16.0,0.0,0.0,0.0,36037,0.0,0.0,0.0
Genesee,37,2007,494,143.0,8.0,0.0,0.0,0.0,36037,0.0,0.0,0.0
Genesee,37,2008,522,213.0,6.0,0.0,0.0,0.0,36037,0.0,0.0,0.0
Genesee,37,2009,497,118.0,0.0,0.0,0.0,0.0,36037,0.0,0.0,0.0
Genesee,37,2010,496,153.0,0.0,0.0,0.0,0.0,36037,0.0,0.0,0.0
Genesee,37,2011,325,83.0,0.0,0.0,0.0,0.0,36037,0.0,0.0,0.0
Genesee,37,2012,364,68.0,0.0,0.0,0.0,0.0,36037,0.0,0.0,0.0
Genesee,37,2013,441,104.0,0.0,0.0,0.0,0.0,36037,0.0,0.0,0.0
Genesee,37,2014,556,121.0,0.0,0.0,0.0,0.0,36037,0.0,0.0,0.0
Genesee,37,2015,644,226.0,8.0,0.0,0.0,0.0,36037,0.0,0.0,0.0
Genesee,37,2016,546,289.0,18.0,0.0,0.0,0.0,36037,0.0,0.0,0.0
Genesee,37,2017,580,318.0,13.0,0.0,0.0,0.0,36037,0.0,0.0,0.0
Genesee,37,2018,574,288.0,7.0,0.0,0.0,0.0,36037,0.0,0.0,0.0
Genesee,37,2019,538,207.0,6.0,0.0,0.0,0.0,36037,0.0,0.0,0.0
Genesee,37,2020,623,251.0,0.0,0.0,0.0,0.0,36037,0.0,0.0,0.0
Genesee,37,2021,629,204.0,0.0,0.0,0.0,0.0,36037,0.0,0.0,0.0
Greene,39,2000,9,0.0,0.0,0.0,0.0,0.0,36039,0.0,0.0,0.0
Greene,39,2001,129,34.0,7.0,0.0,0.0,0.0,36039,0.0,0.0,0.0
Greene,39,2002,220,65.0,20.0,0.0,0.0,0.0,36039,0.0,0.0,0.0
Greene,39,2003,204,23.0,7.0,0.0,0.0,0.0,36039,0.0,0.0,0.0
Greene,39,2004,272,30.0,6.0,0.0,0.0,0.0,36039,0.0,0.0,0.0
Greene,39,2005,376,67.0,18.0,0.0,0.0,0.0,36039,0.0,0.0,0.0
Greene,39,2006,380,68.0,28.0,0.0,0.0,0.0,36039,0.0,0.0,0.0
Greene,39,2007,378,67.0,19.0,0.0,0.0,0.0,36039,0.0,0.0,0.0
Greene,39,2008,274,18.0,0.0,0.0,0.0,0.0,36039,0.0,0.0,0.0
Greene,39,2009,297,41.0,7.0,0.0,0.0,0.0,36039,0.0,0.0,0.0
Greene,39,2010,386,91.0,6.0,0.0,0.0,0.0,36039,0.0,0.0,0.0
Greene,39,2011,227,55.0,0.0,0.0,0.0,0.0,36039,0.0,0.0,0.0
Greene,39,2012,197,27.0,0.0,0.0,0.0,0.0,36039,0.0,0.0,0.0
Greene,39,2013,336,85.0,6.0,0.0,0.0,0.0,36039,0.0,0.0,0.0
Greene,39,2014,403,70.0,0.0,0.0,0.0,0.0,36039,0.0,0.0,0.0
Greene,39,2015,399,55.0,0.0,0.0,0.0,0.0,36039,0.0,0.0,0.0
Greene,39,2016,447,101.0,0.0,0.0,0.0,0.0,36039,0.0,0.0,0.0
Greene,39,2017,334,93.0,0.0,0.0,0.0,0.0,36039,0.0,0.0,0.0
Greene,39,2018,353,102.0,6.0,0.0,0.0,0.0,36039,0.0,0.0,0.0
Greene,39,2019,349,117.0,0.0,0.0,0.0,0.0,36039,0.0,0.0,0.0
Greene,39,2020,339,80.0,0.0,0.0,0.0,0.0,36039,0.0,0.0,0.0
Greene,39,2021,490,224.0,0.0,0.0,0.0,0.0,36039,0.0,0.0,0.0
Hamilton,41,2001,4,0.0,0.0,0.0,0.0,0.0,36041,0.0,0.0,0.0
Hamilton,41,2002,36,7.0,0.0,0.0,0.0,0.0,36041,0.0,0.0,0.0
Hamilton,41,2003,1,0.0,0.0,0.0,0.0,0.0,36041,0.0,0.0,0.0
Hamilton,41,2004,1,0.0,0.0,0.0,0.0,0.0,36041,0.0,0.0,0.0
Hamilton,41,2005,42,0.0,0.0,0.0,0.0,0.0,36041,0.0,0.0,0.0
Hamilton,41,2006,22,0.0,0.0,0.0,0.0,0.0,36041,0.0,0.0,0.0
Hamilton,41,2007,25,0.0,0.0,0.0,0.0,0.0,36041,0.0,0.0,0.0
Hamilton,41,2008,20,0.0,0.0,0.0,0.0,0.0,36041,0.0,0.0,0.0
Hamilton,41,2009,20,0.0,0.0,0.0,0.0,0.0,36041,0.0,0.0,0.0
Hamilton,41,2010,25,0.0,0.0,0.0,0.0,0.0,36041,0.0,0.0,0.0
Hamilton,41,2011,12,0.0,0.0,0.0,0.0,0.0,36041,0.0,0.0,0.0
Hamilton,41,2012,23,0.0,0.0,0.0,0.0,0.0,36041,0.0,0.0,0.0
Hamilton,41,2013,31,0.0,0.0,0.0,0.0,0.0,36041,0.0,0.0,0.0
Hamilton,41,2014,44,0.0,0.0,0.0,0.0,0.0,36041,0.0,0.0,0.0
Hamilton,41,2015,23,0.0,0.0,0.0,0.0,0.0,36041,0.0,0.0,0.0
Hamilton,41,2016,31,0.0,0.0,0.0,0.0,0.0,36041,0.0,0.0,0.0
Hamilton,41,2017,29,0.0,0.0,0.0,0.0,0.0,36041,0.0,0.0,0.0
Hamilton,41,2018,17,0.0,0.0,0.0,0.0,0.0,36041,0.0,0.0,0.0
Hamilton,41,2019,23,0.0,0.0,0.0,0.0,0.0,36041,0.0,0.0,0.0
Hamilton,41,2020,25,0.0,0.0,0.0,0.0,0.0,36041,0.0,0.0,0.0
Hamilton,41,2021,35,7.0,0.0,0.0,0.0,0.0,36041,0.0,0.0,0.0
Herkimer,43,2000,9,0.0,0.0,0.0,0.0,0.0,36043,0.0,0.0,0.0
Herkimer,43,2001,167,31.0,7.0,0.0,0.0,0.0,36043,0.0,0.0,0.0
Herkimer,43,2002,290,50.0,28.0,0.0,0.0,0.0,36043,0.0,0.0,0.0
Herkimer,43,2003,344,113.0,41.0,0.0,0.0,0.0,36043,0.0,0.0,0.0
Herkimer,43,2004,449,156.0,64.0,0.0,0.0,0.0,36043,0.0,0.0,0.0
Herkimer,43,2005,460,78.0,35.0,0.0,0.0,0.0,36043,0.0,0.0,0.0
Herkimer,43,2006,586,187.0,69.0,0.0,0.0,0.0,36043,0.0,0.0,0.0
Herkimer,43,2007,533,184.0,48.0,0.0,0.0,0.0,36043,0.0,0.0,0.0
Herkimer,43,2008,542,102.0,39.0,0.0,0.0,0.0,36043,0.0,0.0,0.0
Herkimer,43,2009,558,56.0,0.0,0.0,0.0,0.0,36043,0.0,0.0,0.0
Herkimer,43,2010,494,152.0,24.0,0.0,0.0,0.0,36043,0.0,0.0,0.0
Herkimer,43,2011,573,123.0,10.0,0.0,0.0,0.0,36043,0.0,0.0,0.0
Herkimer,43,2012,494,39.0,0.0,0.0,0.0,0.0,36043,0.0,0.0,0.0
Herkimer,43,2013,600,79.0,0.0,0.0,0.0,0.0,36043,0.0,0.0,0.0
Herkimer,43,2014,596,205.0,7.0,0.0,0.0,0.0,36043,0.0,0.0,0.0
Herkimer,43,2015,584,144.0,0.0,0.0,0.0,0.0,36043,0.0,0.0,0.0
Herkimer,43,2016,701,254.0,6.0,0.0,0.0,0.0,36043,0.0,0.0,0.0
Herkimer,43,2017,645,132.0,0.0,0.0,0.0,0.0,36043,0.0,0.0,0.0
Herkimer,43,2018,567,121.0,0.0,0.0,0.0,0.0,36043,0.0,0.0,0.0
Herkimer,43,2019,520,125.0,0.0,0.0,0.0,0.0,36043,0.0,0.0,0.0
Herkimer,43,2020,495,134.0,0.0,0.0,0.0,0.0,36043,0.0,0.0,0.0
Herkimer,43,2021,750,148.0,0.0,0.0,0.0,0.0,36043,0.0,0.0,0.0
Jefferson,45,2000,3,0.0,0.0,0.0,0.0,0.0,36045,0.0,0.0,0.0
Jefferson,45,2001,338,134.0,39.0,0.0,0.0,0.0,36045,0.0,0.0,0.0
Jefferson,45,2002,614,276.0,83.0,0.0,0.0,0.0,36045,0.0,0.0,0.0
Jefferson,45,2003,634,302.0,43.0,0.0,0.0,0.0,36045,0.0,0.0,0.0
Jefferson,45,2004,770,322.0,40.0,0.0,0.0,0.0,36045,0.0,0.0,0.0
Jefferson,45,2005,1070,517.0,65.0,0.0,0.0,0.0,36045,0.0,0.0,0.0
Jefferson,45,2006,828,338.0,30.0,0.0,0.0,0.0,36045,0.0,0.0,0.0
Jefferson,45,2007,873,330.0,73.0,0.0,0.0,0.0,36045,0.0,0.0,0.0
Jefferson,45,2008,1136,441.0,73.0,0.0,0.0,0.0,36045,0.0,0.0,0.0
Jefferson,45,2009,1454,677.0,41.0,0.0,0.0,0.0,36045,0.0,0.0,0.0
Jefferson,45,2010,2221,862.0,39.0,0.0,0.0,0.0,36045,0.0,0.0,0.0
Jefferson,45,2011,2019,821.0,54.0,0.0,0.0,0.0,36045,0.0,0.0,0.0
Jefferson,45,2012,1952,959.0,39.0,0.0,0.0,6.0,36045,0.31,0.0,0.0
Jefferson,45,2013,1872,1086.0,46.0,0.0,0.0,0.0,36045,0.0,0.0,0.0
Jefferson,45,2014,1936,1186.0,29.0,0.0,0.0,7.0,36045,0.36,0.0,0.0
Jefferson,45,2015,1727,1001.0,21.0,0.0,0.0,0.0,36045,0.0,0.0,0.0
Jefferson,45,2016,1757,946.0,23.0,0.0,0.0,0.0,36045,0.0,0.0,0.0
Jefferson,45,2017,1799,1021.0,22.0,0.0,0.0,0.0,36045,0.0,0.0,0.0
Jefferson,45,2018,1897,1148.0,13.0,0.0,0.0,0.0,36045,0.0,0.0,0.0
Jefferson,45,2019,1711,755.0,0.0,0.0,0.0,0.0,36045,0.0,0.0,0.0
Jefferson,45,2020,1514,903.0,7.0,0.0,0.0,0.0,36045,0.0,0.0,0.0
Jefferson,45,2021,1888,1274.0,15.0,0.0,0.0,0.0,36045,0.0,0.0,0.0
Lewis,49,2000,1,0.0,0.0,0.0,0.0,0.0,36049,0.0,0.0,0.0
Lewis,49,2001,83,12.0,0.0,0.0,0.0,0.0,36049,0.0,0.0,0.0
Lewis,49,2002,79,0.0,0.0,0.0,0.0,0.0,36049,0.0,0.0,0.0
Lewis,49,2003,83,7.0,0.0,0.0,0.0,0.0,36049,0.0,0.0,0.0
Lewis,49,2004,159,0.0,0.0,0.0,0.0,0.0,36049,0.0,0.0,0.0
Lewis,49,2005,190,55.0,17.0,0.0,0.0,0.0,36049,0.0,0.0,0.0
Lewis,49,2006,223,42.0,20.0,0.0,0.0,0.0,36049,0.0,0.0,0.0
Lewis,49,2007,234,28.0,9.0,0.0,0.0,0.0,36049,0.0,0.0,0.0
Lewis,49,2008,222,41.0,0.0,0.0,0.0,0.0,36049,0.0,0.0,0.0
Lewis,49,2009,225,55.0,6.0,0.0,0.0,0.0,36049,0.0,0.0,0.0
Lewis,49,2010,306,70.0,0.0,0.0,0.0,0.0,36049,0.0,0.0,0.0
Lewis,49,2011,255,54.0,0.0,0.0,0.0,0.0,36049,0.0,0.0,0.0
Lewis,49,2012,274,74.0,0.0,0.0,0.0,0.0,36049,0.0,0.0,0.0
Lewis,49,2013,284,62.0,0.0,0.0,0.0,0.0,36049,0.0,0.0,0.0
Lewis,49,2014,276,56.0,0.0,0.0,0.0,0.0,36049,0.0,0.0,0.0
Lewis,49,2015,342,63.0,0.0,0.0,0.0,0.0,36049,0.0,0.0,0.0
Lewis,49,2016,363,102.0,0.0,0.0,0.0,0.0,36049,0.0,0.0,0.0
Lewis,49,2017,295,107.0,0.0,0.0,0.0,0.0,36049,0.0,0.0,0.0
Lewis,49,2018,286,88.0,0.0,0.0,0.0,0.0,36049,0.0,0.0,0.0
Lewis,49,2019,291,121.0,0.0,0.0,0.0,0.0,36049,0.0,0.0,0.0
Lewis,49,2020,253,73.0,0.0,0.0,0.0,0.0,36049,0.0,0.0,0.0
Lewis,49,2021,341,169.0,0.0,0.0,0.0,0.0,36049,0.0,0.0,0.0
Livingston,51,2000,5,0.0,0.0,0.0,0.0,0.0,36051,0.0,0.0,0.0
Livingston,51,2001,169,20.0,0.0,0.0,0.0,0.0,36051,0.0,0.0,0.0
Livingston,51,2002,100,21.0,0.0,0.0,0.0,0.0,36051,0.0,0.0,0.0
Livingston,51,2003,313,111.0,0.0,0.0,0.0,0.0,36051,0.0,0.0,0.0
Livingston,51,2004,363,62.0,0.0,0.0,0.0,0.0,36051,0.0,0.0,0.0
Livingston,51,2005,402,40.0,0.0,0.0,0.0,0.0,36051,0.0,0.0,0.0
Livingston,51,2006,421,142.0,0.0,0.0,0.0,0.0,36051,0.0,0.0,0.0
Livingston,51,2007,400,85.0,0.0,0.0,0.0,0.0,36051,0.0,0.0,0.0
Livingston,51,2008,483,92.0,0.0,0.0,0.0,0.0,36051,0.0,0.0,0.0
Livingston,51,2009,466,143.0,0.0,0.0,0.0,0.0,36051,0.0,0.0,0.0
Livingston,51,2010,537,115.0,0.0,0.0,0.0,0.0,36051,0.0,0.0,0.0
Livingston,51,2011,274,80.0,0.0,0.0,0.0,0.0,36051,0.0,0.0,0.0
Livingston,51,2012,305,109.0,0.0,0.0,0.0,0.0,36051,0.0,0.0,0.0
Livingston,51,2013,426,184.0,0.0,0.0,0.0,0.0,36051,0.0,0.0,0.0
Livingston,51,2014,468,124.0,0.0,0.0,0.0,0.0,36051,0.0,0.0,0.0
Livingston,51,2015,488,225.0,0.0,0.0,0.0,0.0,36051,0.0,0.0,0.0
Livingston,51,2016,497,266.0,6.0,0.0,0.0,0.0,36051,0.0,0.0,0.0
Livingston,51,2017,504,240.0,8.0,0.0,0.0,0.0,36051,0.0,0.0,0.0
Livingston,51,2018,474,302.0,0.0,0.0,0.0,0.0,36051,0.0,0.0,0.0
Livingston,51,2019,582,301.0,0.0,0.0,0.0,0.0,36051,0.0,0.0,0.0
Livingston,51,2020,527,208.0,0.0,0.0,0.0,0.0,36051,0.0,0.0,0.0
Livingston,51,2021,661,365.0,0.0,0.0,0.0,0.0,36051,0.0,0.0,0.0
Madison,53,2001,240,88.0,32.0,0.0,0.0,0.0,36053,0.0,0.0,0.0
Madison,53,2002,387,120.0,46.0,0.0,0.0,0.0,36053,0.0,0.0,0.0
Madison,53,2003,470,135.0,60.0,0.0,0.0,0.0,36053,0.0,0.0,0.0
Madison,53,2004,550,123.0,41.0,0.0,0.0,0.0,36053,0.0,0.0,0.0
Madison,53,2005,482,141.0,38.0,0.0,0.0,0.0,36053,0.0,0.0,0.0
Madison,53,2006,444,110.0,22.0,0.0,0.0,0.0,36053,0.0,0.0,0.0
Madison,53,2007,561,180.0,21.0,0.0,0.0,0.0,36053,0.0,0.0,0.0
Madison,53,2008,498,92.0,6.0,0.0,0.0,0.0,36053,0.0,0.0,0.0
Madison,53,2009,498,118.0,0.0,0.0,0.0,0.0,36053,0.0,0.0,0.0
Madison,53,2010,509,140.0,0.0,0.0,0.0,0.0,36053,0.0,0.0,0.0
Madison,53,2011,541,188.0,0.0,0.0,0.0,0.0,36053,0.0,0.0,0.0
Madison,53,2012,482,249.0,0.0,0.0,0.0,0.0,36053,0.0,0.0,0.0
Madison,53,2013,576,154.0,0.0,0.0,0.0,0.0,36053,0.0,0.0,0.0
Madison,53,2014,568,277.0,6.0,0.0,0.0,0.0,36053,0.0,0.0,0.0
Madison,53,2015,478,168.0,0.0,0.0,0.0,0.0,36053,0.0,0.0,0.0
Madison,53,2016,540,143.0,0.0,0.0,0.0,0.0,36053,0.0,0.0,0.0
Madison,53,2017,541,182.0,0.0,0.0,0.0,0.0,36053,0.0,0.0,0.0
Madison,53,2018,579,329.0,0.0,0.0,0.0,0.0,36053,0.0,0.0,0.0
Madison,53,2019,552,276.0,6.0,0.0,0.0,0.0,36053,0.0,0.0,0.0
Madison,53,2020,523,224.0,0.0,0.0,0.0,0.0,36053,0.0,0.0,0.0
Madison,53,2021,679,393.0,0.0,0.0,0.0,0.0,36053,0.0,0.0,0.0
Monroe,55,2001,16,0.0,0.0,0.0,0.0,0.0,36055,0.0,0.0,0.0
Monroe,55,2002,28,0.0,0.0,0.0,0.0,0.0,36055,0.0,0.0,0.0
Monroe,55,2003,28,0.0,0.0,0.0,0.0,0.0,36055,0.0,0.0,0.0
Monroe,55,2004,30,0.0,0.0,0.0,0.0,0.0,36055,0.0,0.0,0.0
Monroe,55,2005,28,0.0,0.0,0.0,0.0,0.0,36055,0.0,0.0,0.0
Monroe,55,2006,35,6.0,0.0,0.0,0.0,0.0,36055,0.0,0.0,0.0
Monroe,55,2007,679,178.0,9.0,0.0,0.0,0.0,36055,0.0,0.0,0.0
Monroe,55,2008,7989,3255.0,605.0,12.0,8.0,122.0,36055,1.53,0.25,0.1
Monroe,55,2009,7866,3572.0,502.0,0.0,0.0,57.0,36055,0.72,0.0,0.0
Monroe,55,2010,6503,3042.0,479.0,0.0,0.0,63.0,36055,0.97,0.0,0.0
Monroe,55,2011,6079,2845.0,337.0,0.0,0.0,46.0,36055,0.76,0.0,0.0
Monroe,55,2012,5908,2934.0,272.0,0.0,0.0,54.0,36055,0.91,0.0,0.0
Monroe,55,2013,7216,3296.0,216.0,7.0,0.0,25.0,36055,0.35,0.097,0.0
Monroe,55,2014,8602,4191.0,211.0,7.0,6.0,36.0,36055,0.42,0.151,0.07
Monroe,55,2015,8570,3856.0,217.0,0.0,0.0,36.0,36055,0.42,0.0,0.0
Monroe,55,2016,8686,3757.0,217.0,0.0,0.0,25.0,36055,0.29,0.0,0.0
Monroe,55,2017,7865,3345.0,140.0,0.0,0.0,21.0,36055,0.27,0.0,0.0
Monroe,55,2018,7569,3375.0,103.0,0.0,0.0,0.0,36055,0.0,0.0,0.0
Monroe,55,2019,8422,3714.0,124.0,0.0,0.0,15.0,36055,0.18,0.0,0.0
Monroe,55,2020,8539,4872.0,118.0,0.0,0.0,12.0,36055,0.14,0.0,0.0
Monroe,55,2021,10302,4555.0,77.0,0.0,0.0,7.0,36055,0.07,0.0,0.0
Montgomery,57,2000,5,0.0,0.0,0.0,0.0,0.0,36057,0.0,0.0,0.0
Montgomery,57,2001,152,72.0,15.0,0.0,0.0,0.0,36057,0.0,0.0,0.0
Montgomery,57,2002,225,107.0,28.0,0.0,0.0,0.0,36057,0.0,0.0,0.0
Montgomery,57,2003,335,142.0,44.0,0.0,0.0,0.0,36057,0.0,0.0,0.0
Montgomery,57,2004,445,154.0,63.0,0.0,0.0,14.0,36057,3.15,0.0,0.0
Montgomery,57,2005,440,175.0,51.0,0.0,0.0,19.0,36057,4.32,0.0,0.0
Montgomery,57,2006,485,188.0,79.0,8.0,6.0,22.0,36057,4.54,2.887,1.237
Montgomery,57,2007,500,211.0,64.0,0.0,0.0,0.0,36057,0.0,0.0,0.0
Montgomery,57,2008,536,186.0,43.0,0.0,0.0,7.0,36057,1.31,0.0,0.0
Montgomery,57,2009,464,221.0,47.0,0.0,0.0,0.0,36057,0.0,0.0,0.0
Montgomery,57,2010,533,201.0,39.0,0.0,0.0,6.0,36057,1.13,0.0,0.0
Montgomery,57,2011,585,338.0,53.0,0.0,0.0,10.0,36057,1.71,0.0,0.0
Montgomery,57,2012,540,229.0,32.0,0.0,0.0,15.0,36057,2.78,0.0,0.0
Montgomery,57,2013,498,249.0,27.0,0.0,0.0,0.0,36057,0.0,0.0,0.0
Montgomery,57,2014,530,315.0,39.0,0.0,0.0,6.0,36057,1.13,0.0,0.0
Montgomery,57,2015,529,270.0,22.0,0.0,0.0,14.0,36057,2.65,0.0,0.0
Montgomery,57,2016,552,257.0,19.0,0.0,0.0,0.0,36057,0.0,0.0,0.0
Montgomery,57,2017,547,324.0,22.0,0.0,0.0,7.0,36057,1.28,0.0,0.0
Montgomery,57,2018,568,320.0,27.0,0.0,0.0,0.0,36057,0.0,0.0,0.0
Montgomery,57,2019,547,231.0,7.0,0.0,0.0,0.0,36057,0.0,0.0,0.0
Montgomery,57,2020,437,73.0,0.0,0.0,0.0,6.0,36057,1.37,0.0,0.0
Montgomery,57,2021,690,211.0,13.0,0.0,0.0,0.0,36057,0.0,0.0,0.0
Nassau,59,2000,30,9.0,0.0,0.0,0.0,0.0,36059,0.0,0.0,0.0
Nassau,59,2001,453,121.0,0.0,0.0,0.0,0.0,36059,0.0,0.0,0.0
Nassau,59,2002,805,256.0,7.0,0.0,0.0,0.0,36059,0.0,0.0,0.0
Nassau,59,2003,1407,304.0,13.0,0.0,0.0,0.0,36059,0.0,0.0,0.0
Nassau,59,2004,13568,7749.0,910.0,0.0,0.0,0.0,36059,0.0,0.0,0.0
Nassau,59,2005,15217,7333.0,659.0,0.0,0.0,0.0,36059,0.0,0.0,0.0
Nassau,59,2006,14623,6759.0,587.0,0.0,0.0,0.0,36059,0.0,0.0,0.0
Nassau,59,2007,15398,8068.0,737.0,0.0,0.0,0.0,36059,0.0,0.0,0.0
Nassau,59,2008,14310,6013.0,311.0,0.0,0.0,0.0,36059,0.0,0.0,0.0
Nassau,59,2009,12763,4961.0,185.0,0.0,0.0,0.0,36059,0.0,0.0,0.0
Nassau,59,2010,14559,5318.0,188.0,0.0,0.0,0.0,36059,0.0,0.0,0.0
Nassau,59,2011,13906,4479.0,61.0,0.0,0.0,0.0,36059,0.0,0.0,0.0
Nassau,59,2012,14473,6800.0,16.0,0.0,0.0,0.0,36059,0.0,0.0,0.0
Nassau,59,2013,13291,5261.0,30.0,0.0,0.0,0.0,36059,0.0,0.0,0.0
Nassau,59,2014,15501,7245.0,24.0,0.0,0.0,0.0,36059,0.0,0.0,0.0
Nassau,59,2015,16994,8016.0,28.0,0.0,0.0,0.0,36059,0.0,0.0,0.0
Nassau,59,2016,16272,7759.0,6.0,0.0,0.0,0.0,36059,0.0,0.0,0.0
Nassau,59,2017,16629,8534.0,0.0,0.0,0.0,0.0,36059,0.0,0.0,0.0
Nassau,59,2018,16244,8781.0,6.0,0.0,0.0,0.0,36059,0.0,0.0,0.0
Nassau,59,2019,15429,8011.0,0.0,0.0,0.0,0.0,36059,0.0,0.0,0.0
Nassau,59,2020,15731,10283.0,0.0,0.0,0.0,0.0,36059,0.0,0.0,0.0
Nassau,59,2021,25526,14827.0,7.0,0.0,0.0,0.0,36059,0.0,0.0,0.0
Niagara,63,2000,24,9.0,0.0,0.0,0.0,0.0,36063,0.0,0.0,0.0
Niagara,63,2001,688,304.0,9.0,0.0,0.0,0.0,36063,0.0,0.0,0.0
Niagara,63,2002,1054,703.0,69.0,0.0,0.0,0.0,36063,0.0,0.0,0.0
Niagara,63,2003,1521,862.0,106.0,0.0,0.0,0.0,36063,0.0,0.0,0.0
Niagara,63,2004,1780,1083.0,141.0,0.0,0.0,7.0,36063,0.39,0.0,0.0
Niagara,63,2005,2213,1240.0,219.0,0.0,0.0,0.0,36063,0.0,0.0,0.0
Niagara,63,2006,2005,1192.0,189.0,0.0,0.0,8.0,36063,0.4,0.0,0.0
Niagara,63,2007,1690,998.0,116.0,0.0,0.0,0.0,36063,0.0,0.0,0.0
Niagara,63,2008,1921,1043.0,76.0,0.0,0.0,0.0,36063,0.0,0.0,0.0
Niagara,63,2009,2349,1348.0,168.0,0.0,0.0,6.0,36063,0.26,0.0,0.0
Niagara,63,2010,2804,1742.0,162.0,0.0,0.0,0.0,36063,0.0,0.0,0.0
Niagara,63,2011,1222,427.0,54.0,0.0,0.0,7.0,36063,0.57,0.0,0.0
Niagara,63,2012,1166,548.0,43.0,0.0,0.0,0.0,36063,0.0,0.0,0.0
Niagara,63,2013,1772,910.0,73.0,0.0,0.0,0.0,36063,0.0,0.0,0.0
Niagara,63,2014,2179,732.0,45.0,0.0,0.0,0.0,36063,0.0,0.0,0.0
Niagara,63,2015,2083,1154.0,44.0,0.0,0.0,0.0,36063,0.0,0.0,0.0
Niagara,63,2016,2197,894.0,53.0,0.0,0.0,0.0,36063,0.0,0.0,0.0
Niagara,63,2017,2127,900.0,23.0,0.0,0.0,0.0,36063,0.0,0.0,0.0
Niagara,63,2018,2145,604.0,6.0,0.0,0.0,0.0,36063,0.0,0.0,0.0
Niagara,63,2019,2124,1214.0,13.0,0.0,0.0,0.0,36063,0.0,0.0,0.0
Niagara,63,2020,2261,1056.0,25.0,0.0,0.0,0.0,36063,0.0,0.0,0.0
Niagara,63,2021,2909,1056.0,15.0,0.0,0.0,0.0,36063,0.0,0.0,0.0
Oneida,65,2000,25,6.0,0.0,0.0,0.0,0.0,36065,0.0,0.0,0.0
Oneida,65,2001,704,321.0,120.0,0.0,0.0,7.0,36065,0.99,0.0,0.0
Oneida,65,2002,1139,445.0,250.0,6.0,8.0,21.0,36065,1.84,1.229,0.702
Oneida,65,2003,1401,574.0,294.0,15.0,17.0,58.0,36065,4.14,2.284,1.213
Oneida,65,2004,1767,641.0,385.0,11.0,16.0,64.0,36065,3.62,1.528,0.905
Oneida,65,2005,2000,769.0,435.0,35.0,36.0,107.0,36065,5.35,3.55,1.8
Oneida,65,2006,2233,893.0,538.0,24.0,25.0,78.0,36065,3.49,2.194,1.12
Oneida,65,2007,2244,1024.0,479.0,40.0,26.0,79.0,36065,3.52,2.941,1.159
Oneida,65,2008,2342,1131.0,316.0,26.0,21.0,82.0,36065,3.5,2.007,0.897
Oneida,65,2009,2255,1096.0,268.0,30.0,21.0,87.0,36065,3.86,2.262,0.931
Oneida,65,2010,2415,1420.0,274.0,29.0,24.0,94.0,36065,3.89,2.195,0.994
Oneida,65,2011,2398,1179.0,232.0,18.0,14.0,74.0,36065,3.09,1.334,0.584
Oneida,65,2012,1975,1085.0,222.0,8.0,6.0,64.0,36065,3.24,0.709,0.304
Oneida,65,2013,2404,1466.0,211.0,0.0,0.0,40.0,36065,1.66,0.0,0.0
Oneida,65,2014,2589,1388.0,179.0,28.0,16.0,68.0,36065,2.63,1.699,0.618
Oneida,65,2015,2448,1459.0,149.0,28.0,18.0,52.0,36065,2.12,1.879,0.735
Oneida,65,2016,2577,1639.0,141.0,9.0,11.0,57.0,36065,2.21,0.776,0.427
Oneida,65,2017,2450,1463.0,139.0,16.0,15.0,56.0,36065,2.29,1.265,0.612
Oneida,65,2018,2634,1681.0,158.0,0.0,0.0,28.0,36065,1.06,0.0,0.0
Oneida,65,2019,2322,1286.0,73.0,0.0,0.0,37.0,36065,1.59,0.0,0.0
Oneida,65,2020,2330,1621.0,117.0,0.0,0.0,24.0,36065,1.03,0.0,0.0
Oneida,65,2021,2962,2044.0,104.0,0.0,0.0,31.0,36065,1.05,0.0,0.0
Onondaga,67,2000,15,0.0,0.0,0.0,0.0,0.0,36067,0.0,0.0,0.0
Onondaga,67,2001,1668,667.0,132.0,0.0,0.0,21.0,36067,1.26,0.0,0.0
Onondaga,67,2002,2638,1138.0,360.0,0.0,0.0,56.0,36067,2.12,0.0,0.0
Onondaga,67,2003,3571,1373.0,520.0,15.0,8.0,77.0,36067,2.16,0.644,0.224
Onondaga,67,2004,4331,1983.0,778.0,6.0,6.0,65.0,36067,1.5,0.277,0.139
Onondaga,67,2005,4644,2179.0,736.0,0.0,0.0,90.0,36067,1.94,0.0,0.0
Onondaga,67,2006,5674,2538.0,708.0,0.0,6.0,54.0,36067,0.95,0.106,0.106
Onondaga,67,2007,5819,2777.0,617.0,0.0,0.0,70.0,36067,1.2,0.0,0.0
Onondaga,67,2008,5762,2458.0,507.0,0.0,0.0,51.0,36067,0.89,0.0,0.0
Onondaga,67,2009,5868,2350.0,308.0,0.0,0.0,22.0,36067,0.37,0.0,0.0
Onondaga,67,2010,5749,2595.0,222.0,0.0,0.0,16.0,36067,0.28,0.0,0.0
Onondaga,67,2011,4093,2001.0,318.0,0.0,0.0,32.0,36067,0.78,0.0,0.0
Onondaga,67,2012,3886,2064.0,288.0,0.0,0.0,52.0,36067,1.34,0.0,0.0
Onondaga,67,2013,5280,2592.0,275.0,0.0,0.0,57.0,36067,1.08,0.0,0.0
Onondaga,67,2014,5680,3007.0,197.0,0.0,0.0,23.0,36067,0.4,0.0,0.0
Onondaga,67,2015,5250,2873.0,180.0,0.0,0.0,25.0,36067,0.48,0.0,0.0
Onondaga,67,2016,5228,2155.0,130.0,6.0,0.0,29.0,36067,0.55,0.115,0.0
Onondaga,67,2017,5364,2430.0,107.0,0.0,0.0,31.0,36067,0.58,0.0,0.0
Onondaga,67,2018,5320,2389.0,88.0,6.0,0.0,28.0,36067,0.53,0.113,0.0
Onondaga,67,2019,5374,3110.0,110.0,0.0,0.0,13.0,36067,0.24,0.0,0.0
Onondaga,67,2020,5877,3320.0,72.0,0.0,0.0,13.0,36067,0.22,0.0,0.0
Onondaga,67,2021,7080,4972.0,85.0,0.0,0.0,17.0,36067,0.24,0.0,0.0
Ontario,69,2000,33,6.0,0.0,0.0,0.0,0.0,36069,0.0,0.0,0.0
Ontario,69,2001,417,182.0,6.0,0.0,0.0,0.0,36069,0.0,0.0,0.0
Ontario,69,2002,719,321.0,27.0,0.0,0.0,0.0,36069,0.0,0.0,0.0
Ontario,69,2003,798,187.0,14.0,0.0,0.0,0.0,36069,0.0,0.0,0.0
Ontario,69,2004,810,237.0,13.0,0.0,0.0,0.0,36069,0.0,0.0,0.0
Ontario,69,2005,939,269.0,50.0,0.0,0.0,0.0,36069,0.0,0.0,0.0
Ontario,69,2006,744,224.0,25.0,0.0,0.0,0.0,36069,0.0,0.0,0.0
Ontario,69,2007,797,143.0,7.0,0.0,0.0,0.0,36069,0.0,0.0,0.0
Ontario,69,2008,899,314.0,16.0,0.0,0.0,0.0,36069,0.0,0.0,0.0
Ontario,69,2009,944,175.0,0.0,0.0,0.0,0.0,36069,0.0,0.0,0.0
Ontario,69,2010,886,276.0,0.0,0.0,0.0,0.0,36069,0.0,0.0,0.0
Ontario,69,2011,897,224.0,0.0,0.0,0.0,0.0,36069,0.0,0.0,0.0
Ontario,69,2012,779,303.0,0.0,0.0,0.0,0.0,36069,0.0,0.0,0.0
Ontario,69,2013,750,272.0,6.0,0.0,0.0,0.0,36069,0.0,0.0,0.0
Ontario,69,2014,930,559.0,9.0,0.0,0.0,0.0,36069,0.0,0.0,0.0
Ontario,69,2015,975,431.0,7.0,0.0,0.0,0.0,36069,0.0,0.0,0.0
Ontario,69,2016,1057,332.0,0.0,0.0,0.0,0.0,36069,0.0,0.0,0.0
Ontario,69,2017,940,384.0,0.0,0.0,0.0,0.0,36069,0.0,0.0,0.0
Ontario,69,2018,864,492.0,0.0,0.0,0.0,0.0,36069,0.0,0.0,0.0
Ontario,69,2019,1000,463.0,0.0,0.0,0.0,0.0,36069,0.0,0.0,0.0
Ontario,69,2020,1059,338.0,7.0,0.0,0.0,0.0,36069,0.0,0.0,0.0
Ontario,69,2021,1215,546.0,0.0,0.0,0.0,0.0,36069,0.0,0.0,0.0
Orange,71,2000,69,18.0,0.0,0.0,0.0,0.0,36071,0.0,0.0,0.0
Orange,71,2001,1082,575.0,84.0,0.0,0.0,0.0,36071,0.0,0.0,0.0
Orange,71,2002,2211,1202.0,195.0,0.0,0.0,8.0,36071,0.36,0.0,0.0
Orange,71,2003,2997,1750.0,276.0,0.0,0.0,21.0,36071,0.7,0.0,0.0
Orange,71,2004,4069,2336.0,375.0,12.0,9.0,52.0,36071,1.28,0.516,0.221
Orange,71,2005,4059,2313.0,315.0,14.0,6.0,49.0,36071,1.21,0.493,0.148
Orange,71,2006,4209,2037.0,253.0,6.0,6.0,44.0,36071,1.05,0.285,0.143
Orange,71,2007,4440,2757.0,279.0,0.0,0.0,28.0,36071,0.63,0.0,0.0
Orange,71,2008,3935,2079.0,153.0,6.0,7.0,21.0,36071,0.53,0.33,0.178
Orange,71,2009,4132,2228.0,210.0,0.0,0.0,45.0,36071,1.09,0.0,0.0
Orange,71,2010,4278,2465.0,167.0,8.0,23.0,57.0,36071,1.33,0.725,0.538
Orange,71,2011,3460,1993.0,148.0,0.0,0.0,29.0,36071,0.84,0.0,0.0
Orange,71,2012,4127,2737.0,172.0,0.0,0.0,9.0,36071,0.22,0.0,0.0
Orange,71,2013,4096,2780.0,123.0,13.0,6.0,19.0,36071,0.46,0.464,0.146
Orange,71,2014,4378,2888.0,112.0,0.0,0.0,13.0,36071,0.3,0.0,0.0
Orange,71,2015,4808,1930.0,77.0,0.0,0.0,24.0,36071,0.5,0.0,0.0
Orange,71,2016,4883,2553.0,75.0,0.0,0.0,7.0,36071,0.14,0.0,0.0
Orange,71,2017,5137,2766.0,101.0,0.0,0.0,0.0,36071,0.0,0.0,0.0
Orange,71,2018,4711,2707.0,101.0,0.0,0.0,0.0,36071,0.0,0.0,0.0
Orange,71,2019,4725,2067.0,70.0,0.0,0.0,13.0,36071,0.28,0.0,0.0
Orange,71,2020,4882,1726.0,46.0,0.0,0.0,6.0,36071,0.12,0.0,0.0
Orange,71,2021,5579,2805.0,38.0,0.0,0.0,7.0,36071,0.13,0.0,0.0
Orleans,73,2000,16,0.0,0.0,0.0,0.0,0.0,36073,0.0,0.0,0.0
Orleans,73,2001,174,81.0,24.0,0.0,0.0,0.0,36073,0.0,0.0,0.0
Orleans,73,2002,264,112.0,38.0,0.0,0.0,0.0,36073,0.0,0.0,0.0
Orleans,73,2003,265,84.0,16.0,0.0,0.0,0.0,36073,0.0,0.0,0.0
Orleans,73,2004,325,74.0,12.0,0.0,0.0,0.0,36073,0.0,0.0,0.0
Orleans,73,2005,262,36.0,6.0,0.0,0.0,0.0,36073,0.0,0.0,0.0
Orleans,73,2006,297,51.0,0.0,0.0,0.0,0.0,36073,0.0,0.0,0.0
Orleans,73,2007,326,51.0,0.0,0.0,0.0,0.0,36073,0.0,0.0,0.0
Orleans,73,2008,303,28.0,0.0,0.0,0.0,0.0,36073,0.0,0.0,0.0
Orleans,73,2009,296,65.0,7.0,0.0,0.0,0.0,36073,0.0,0.0,0.0
Orleans,73,2010,352,62.0,0.0,0.0,0.0,0.0,36073,0.0,0.0,0.0
Orleans,73,2011,275,114.0,0.0,0.0,0.0,0.0,36073,0.0,0.0,0.0
Orleans,73,2012,288,171.0,0.0,0.0,0.0,0.0,36073,0.0,0.0,0.0
Orleans,73,2013,348,106.0,0.0,0.0,0.0,0.0,36073,0.0,0.0,0.0
Orleans,73,2014,382,126.0,0.0,0.0,0.0,0.0,36073,0.0,0.0,0.0
Orleans,73,2015,394,125.0,0.0,0.0,0.0,0.0,36073,0.0,0.0,0.0
Orleans,73,2016,431,71.0,0.0,0.0,0.0,0.0,36073,0.0,0.0,0.0
Orleans,73,2017,394,130.0,16.0,0.0,0.0,0.0,36073,0.0,0.0,0.0
Orleans,73,2018,388,105.0,7.0,0.0,0.0,0.0,36073,0.0,0.0,0.0
Orleans,73,2019,432,166.0,12.0,0.0,0.0,0.0,36073,0.0,0.0,0.0
Orleans,73,2020,405,149.0,0.0,0.0,0.0,0.0,36073,0.0,0.0,0.0
Orleans,73,2021,435,128.0,0.0,0.0,0.0,0.0,36073,0.0,0.0,0.0
Oswego,75,2000,12,0.0,0.0,0.0,0.0,0.0,36075,0.0,0.0,0.0
Oswego,75,2001,467,202.0,37.0,0.0,0.0,0.0,36075,0.0,0.0,0.0
Oswego,75,2002,796,373.0,111.0,0.0,0.0,0.0,36075,0.0,0.0,0.0
Oswego,75,2003,787,335.0,29.0,0.0,0.0,0.0,36075,0.0,0.0,0.0
Oswego,75,2004,770,243.0,34.0,0.0,0.0,0.0,36075,0.0,0.0,0.0
Oswego,75,2005,739,264.0,47.0,0.0,0.0,0.0,36075,0.0,0.0,0.0
Oswego,75,2006,1017,422.0,39.0,0.0,0.0,0.0,36075,0.0,0.0,0.0
Oswego,75,2007,936,364.0,50.0,0.0,0.0,0.0,36075,0.0,0.0,0.0
Oswego,75,2008,1095,592.0,59.0,0.0,0.0,0.0,36075,0.0,0.0,0.0
Oswego,75,2009,862,409.0,19.0,0.0,0.0,0.0,36075,0.0,0.0,0.0
Oswego,75,2010,1049,560.0,32.0,0.0,0.0,0.0,36075,0.0,0.0,0.0
Oswego,75,2011,985,370.0,13.0,0.0,0.0,0.0,36075,0.0,0.0,0.0
Oswego,75,2012,992,354.0,13.0,0.0,0.0,0.0,36075,0.0,0.0,0.0
Oswego,75,2013,1071,431.0,12.0,0.0,0.0,0.0,36075,0.0,0.0,0.0
Oswego,75,2014,1232,624.0,22.0,0.0,0.0,0.0,36075,0.0,0.0,0.0
Oswego,75,2015,1159,631.0,29.0,0.0,0.0,0.0,36075,0.0,0.0,0.0
Oswego,75,2016,1111,426.0,7.0,0.0,0.0,0.0,36075,0.0,0.0,0.0
Oswego,75,2017,1094,507.0,16.0,0.0,0.0,0.0,36075,0.0,0.0,0.0
Oswego,75,2018,1240,625.0,14.0,0.0,0.0,0.0,36075,0.0,0.0,0.0
Oswego,75,2019,1170,467.0,0.0,0.0,0.0,0.0,36075,0.0,0.0,0.0
Oswego,75,2020,1114,472.0,8.0,0.0,0.0,0.0,36075,0.0,0.0,0.0
Oswego,75,2021,1468,683.0,0.0,0.0,0.0,0.0,36075,0.0,0.0,0.0
Otsego,77,2000,4,0.0,0.0,0.0,0.0,0.0,36077,0.0,0.0,0.0
Otsego,77,2001,148,52.0,16.0,0.0,0.0,0.0,36077,0.0,0.0,0.0
Otsego,77,2002,266,48.0,16.0,0.0,0.0,0.0,36077,0.0,0.0,0.0
Otsego,77,2003,334,57.0,21.0,0.0,0.0,0.0,36077,0.0,0.0,0.0
Otsego,77,2004,434,69.0,33.0,0.0,0.0,0.0,36077,0.0,0.0,0.0
Otsego,77,2005,532,118.0,61.0,0.0,0.0,0.0,36077,0.0,0.0,0.0
Otsego,77,2006,436,99.0,31.0,0.0,0.0,0.0,36077,0.0,0.0,0.0
Otsego,77,2007,479,69.0,6.0,0.0,0.0,0.0,36077,0.0,0.0,0.0
Otsego,77,2008,302,0.0,0.0,0.0,0.0,0.0,36077,0.0,0.0,0.0
Otsego,77,2009,388,93.0,7.0,0.0,0.0,0.0,36077,0.0,0.0,0.0
Otsego,77,2010,493,70.0,0.0,0.0,0.0,0.0,36077,0.0,0.0,0.0
Otsego,77,2011,454,88.0,9.0,0.0,0.0,0.0,36077,0.0,0.0,0.0
Otsego,77,2012,561,126.0,7.0,0.0,0.0,0.0,36077,0.0,0.0,0.0
Otsego,77,2013,600,119.0,0.0,0.0,7.0,7.0,36077,1.17,1.167,1.167
Otsego,77,2014,438,164.0,0.0,0.0,0.0,0.0,36077,0.0,0.0,0.0
Otsego,77,2015,535,128.0,0.0,0.0,0.0,0.0,36077,0.0,0.0,0.0
Otsego,77,2016,696,237.0,0.0,0.0,0.0,0.0,36077,0.0,0.0,0.0
Otsego,77,2017,443,172.0,6.0,0.0,0.0,0.0,36077,0.0,0.0,0.0
Otsego,77,2018,530,248.0,0.0,0.0,0.0,0.0,36077,0.0,0.0,0.0
Otsego,77,2019,521,138.0,0.0,0.0,0.0,0.0,36077,0.0,0.0,0.0
Otsego,77,2020,459,140.0,0.0,0.0,0.0,0.0,36077,0.0,0.0,0.0
Otsego,77,2021,675,199.0,0.0,0.0,0.0,0.0,36077,0.0,0.0,0.0
Putnam,79,2000,36,24.0,0.0,0.0,0.0,0.0,36079,0.0,0.0,0.0
Putnam,79,2001,319,38.0,0.0,0.0,0.0,0.0,36079,0.0,0.0,0.0
Putnam,79,2002,702,249.0,24.0,0.0,0.0,0.0,36079,0.0,0.0,0.0
Putnam,79,2003,851,507.0,48.0,0.0,0.0,0.0,36079,0.0,0.0,0.0
Putnam,79,2004,941,280.0,24.0,0.0,0.0,0.0,36079,0.0,0.0,0.0
Putnam,79,2005,881,463.0,23.0,0.0,0.0,0.0,36079,0.0,0.0,0.0
Putnam,79,2006,1027,422.0,19.0,0.0,0.0,0.0,36079,0.0,0.0,0.0
Putnam,79,2007,1122,292.0,19.0,0.0,0.0,0.0,36079,0.0,0.0,0.0
Putnam,79,2008,947,190.0,0.0,0.0,0.0,0.0,36079,0.0,0.0,0.0
Putnam,79,2009,728,181.0,0.0,0.0,0.0,0.0,36079,0.0,0.0,0.0
Putnam,79,2010,834,301.0,0.0,0.0,0.0,0.0,36079,0.0,0.0,0.0
Putnam,79,2011,956,242.0,0.0,0.0,0.0,0.0,36079,0.0,0.0,0.0
Putnam,79,2012,875,270.0,0.0,0.0,0.0,0.0,36079,0.0,0.0,0.0
Putnam,79,2013,905,312.0,0.0,0.0,0.0,0.0,36079,0.0,0.0,0.0
Putnam,79,2014,813,156.0,0.0,0.0,0.0,0.0,36079,0.0,0.0,0.0
Putnam,79,2015,828,645.0,0.0,0.0,0.0,0.0,36079,0.0,0.0,0.0
Putnam,79,2016,864,539.0,0.0,0.0,0.0,0.0,36079,0.0,0.0,0.0
Putnam,79,2017,856,553.0,0.0,0.0,0.0,0.0,36079,0.0,0.0,0.0
Putnam,79,2018,824,474.0,0.0,0.0,0.0,0.0,36079,0.0,0.0,0.0
Putnam,79,2019,728,483.0,0.0,0.0,0.0,0.0,36079,0.0,0.0,0.0
Putnam,79,2020,862,701.0,0.0,0.0,0.0,0.0,36079,0.0,0.0,0.0
Putnam,79,2021,1303,1102.0,0.0,0.0,0.0,0.0,36079,0.0,0.0,0.0
Rensselaer,83,2000,10,0.0,0.0,0.0,0.0,0.0,36083,0.0,0.0,0.0
Rensselaer,83,2001,447,185.0,52.0,0.0,0.0,0.0,36083,0.0,0.0,0.0
Rensselaer,83,2002,575,245.0,86.0,0.0,0.0,0.0,36083,0.0,0.0,0.0
Rensselaer,83,2003,598,159.0,70.0,0.0,0.0,0.0,36083,0.0,0.0,0.0
Rensselaer,83,2004,954,390.0,162.0,0.0,0.0,19.0,36083,1.99,0.0,0.0
Rensselaer,83,2005,1303,644.0,236.0,0.0,0.0,0.0,36083,0.0,0.0,0.0
Rensselaer,83,2006,1267,581.0,242.0,0.0,0.0,7.0,36083,0.55,0.0,0.0
Rensselaer,83,2007,1340,609.0,196.0,0.0,0.0,13.0,36083,0.97,0.0,0.0
Rensselaer,83,2008,1343,590.0,127.0,0.0,0.0,9.0,36083,0.67,0.0,0.0
Rensselaer,83,2009,1325,714.0,108.0,0.0,0.0,0.0,36083,0.0,0.0,0.0
Rensselaer,83,2010,1633,776.0,98.0,0.0,0.0,9.0,36083,0.55,0.0,0.0
Rensselaer,83,2011,1312,539.0,52.0,0.0,0.0,6.0,36083,0.46,0.0,0.0
Rensselaer,83,2012,981,476.0,39.0,0.0,0.0,8.0,36083,0.82,0.0,0.0
Rensselaer,83,2013,1372,820.0,77.0,0.0,0.0,6.0,36083,0.44,0.0,0.0
Rensselaer,83,2014,1519,757.0,50.0,0.0,0.0,0.0,36083,0.0,0.0,0.0
Rensselaer,83,2015,1604,873.0,64.0,0.0,0.0,10.0,36083,0.62,0.0,0.0
Rensselaer,83,2016,1552,748.0,45.0,0.0,0.0,0.0,36083,0.0,0.0,0.0
Rensselaer,83,2017,1515,1009.0,86.0,0.0,0.0,6.0,36083,0.4,0.0,0.0
Rensselaer,83,2018,1551,987.0,54.0,0.0,0.0,0.0,36083,0.0,0.0,0.0
Rensselaer,83,2019,1445,737.0,32.0,0.0,0.0,6.0,36083,0.42,0.0,0.0
Rensselaer,83,2020,1541,980.0,29.0,0.0,0.0,0.0,36083,0.0,0.0,0.0
Rensselaer,83,2021,1751,995.0,21.0,0.0,0.0,0.0,36083,0.0,0.0,0.0
Rockland,87,2000,3,0.0,0.0,0.0,0.0,0.0,36087,0.0,0.0,0.0
Rockland,87,2001,121,33.0,0.0,0.0,0.0,0.0,36087,0.0,0.0,0.0
Rockland,87,2002,2840,1955.0,270.0,0.0,0.0,0.0,36087,0.0,0.0,0.0
Rockland,87,2003,3018,1849.0,283.0,0.0,0.0,0.0,36087,0.0,0.0,0.0
Rockland,87,2004,3470,2131.0,288.0,0.0,0.0,0.0,36087,0.0,0.0,0.0
Rockland,87,2005,3450,1964.0,229.0,0.0,0.0,0.0,36087,0.0,0.0,0.0
Rockland,87,2006,4025,2474.0,263.0,0.0,0.0,0.0,36087,0.0,0.0,0.0
Rockland,87,2007,4210,2312.0,270.0,0.0,0.0,0.0,36087,0.0,0.0,0.0
Rockland,87,2008,4392,2593.0,207.0,0.0,0.0,0.0,36087,0.0,0.0,0.0
Rockland,87,2009,4881,3034.0,225.0,0.0,0.0,0.0,36087,0.0,0.0,0.0
Rockland,87,2010,5124,3115.0,170.0,0.0,0.0,7.0,36087,0.14,0.0,0.0
Rockland,87,2011,4690,2647.0,117.0,0.0,0.0,13.0,36087,0.28,0.0,0.0
Rockland,87,2012,4715,3020.0,75.0,0.0,0.0,0.0,36087,0.0,0.0,0.0
Rockland,87,2013,5369,3159.0,81.0,0.0,0.0,0.0,36087,0.0,0.0,0.0
Rockland,87,2014,5354,3524.0,55.0,0.0,0.0,0.0,36087,0.0,0.0,0.0
Rockland,87,2015,5120,2848.0,30.0,0.0,0.0,0.0,36087,0.0,0.0,0.0
Rockland,87,2016,5263,2198.0,26.0,0.0,0.0,0.0,36087,0.0,0.0,0.0
Rockland,87,2017,5515,3023.0,31.0,0.0,0.0,0.0,36087,0.0,0.0,0.0
Rockland,87,2018,6150,2535.0,12.0,0.0,0.0,8.0,36087,0.13,0.0,0.0
Rockland,87,2019,5472,2931.0,21.0,0.0,0.0,0.0,36087,0.0,0.0,0.0
Rockland,87,2020,5234,2210.0,7.0,0.0,0.0,0.0,36087,0.0,0.0,0.0
Rockland,87,2021,7458,4017.0,12.0,0.0,0.0,0.0,36087,0.0,0.0,0.0
Saratoga,91,2000,19,0.0,0.0,0.0,0.0,0.0,36091,0.0,0.0,0.0
Saratoga,91,2001,869,496.0,83.0,0.0,0.0,0.0,36091,0.0,0.0,0.0
Saratoga,91,2002,1109,642.0,124.0,0.0,0.0,0.0,36091,0.0,0.0,0.0
Saratoga,91,2003,1233,659.0,120.0,0.0,0.0,0.0,36091,0.0,0.0,0.0
Saratoga,91,2004,1632,896.0,156.0,0.0,0.0,0.0,36091,0.0,0.0,0.0
Saratoga,91,2005,2036,1129.0,225.0,0.0,0.0,0.0,36091,0.0,0.0,0.0
Saratoga,91,2006,2099,1269.0,238.0,0.0,0.0,0.0,36091,0.0,0.0,0.0
Saratoga,91,2007,2116,1184.0,213.0,0.0,0.0,0.0,36091,0.0,0.0,0.0
Saratoga,91,2008,1688,897.0,71.0,0.0,0.0,0.0,36091,0.0,0.0,0.0
Saratoga,91,2009,1735,701.0,42.0,0.0,0.0,0.0,36091,0.0,0.0,0.0
Saratoga,91,2010,1599,532.0,0.0,0.0,0.0,0.0,36091,0.0,0.0,0.0
Saratoga,91,2011,1232,341.0,0.0,0.0,0.0,0.0,36091,0.0,0.0,0.0
Saratoga,91,2012,1054,235.0,0.0,0.0,0.0,0.0,36091,0.0,0.0,0.0
Saratoga,91,2013,1865,418.0,6.0,0.0,0.0,0.0,36091,0.0,0.0,0.0
Saratoga,91,2014,2240,906.0,23.0,0.0,0.0,0.0,36091,0.0,0.0,0.0
Saratoga,91,2015,2300,858.0,25.0,0.0,0.0,0.0,36091,0.0,0.0,0.0
Saratoga,91,2016,2303,337.0,0.0,0.0,0.0,0.0,36091,0.0,0.0,0.0
Saratoga,91,2017,2285,527.0,7.0,0.0,0.0,0.0,36091,0.0,0.0,0.0
Saratoga,91,2018,2280,765.0,0.0,0.0,0.0,0.0,36091,0.0,0.0,0.0
Saratoga,91,2019,2213,626.0,0.0,0.0,0.0,0.0,36091,0.0,0.0,0.0
Saratoga,91,2020,2249,1254.0,0.0,0.0,0.0,0.0,36091,0.0,0.0,0.0
Saratoga,91,2021,2894,1368.0,0.0,0.0,0.0,0.0,36091,0.0,0.0,0.0
Schenectady,93,2000,8,0.0,0.0,0.0,0.0,0.0,36093,0.0,0.0,0.0
Schenectady,93,2001,339,223.0,53.0,0.0,0.0,0.0,36093,0.0,0.0,0.0
Schenectady,93,2002,616,321.0,107.0,0.0,0.0,0.0,36093,0.0,0.0,0.0
Schenectady,93,2003,675,401.0,141.0,0.0,0.0,0.0,36093,0.0,0.0,0.0
Schenectady,93,2004,1145,672.0,231.0,0.0,0.0,0.0,36093,0.0,0.0,0.0
Schenectady,93,2005,1411,853.0,205.0,0.0,0.0,0.0,36093,0.0,0.0,0.0
Schenectady,93,2006,1492,959.0,185.0,0.0,0.0,0.0,36093,0.0,0.0,0.0
Schenectady,93,2007,1502,956.0,163.0,0.0,0.0,0.0,36093,0.0,0.0,0.0
Schenectady,93,2008,1452,679.0,62.0,0.0,0.0,0.0,36093,0.0,0.0,0.0
Schenectady,93,2009,1744,1131.0,147.0,0.0,0.0,0.0,36093,0.0,0.0,0.0
Schenectady,93,2010,1676,683.0,83.0,0.0,0.0,0.0,36093,0.0,0.0,0.0
Schenectady,93,2011,1560,824.0,112.0,0.0,0.0,0.0,36093,0.0,0.0,0.0
Schenectady,93,2012,1516,734.0,114.0,0.0,0.0,0.0,36093,0.0,0.0,0.0
Schenectady,93,2013,1825,628.0,85.0,0.0,0.0,0.0,36093,0.0,0.0,0.0
Schenectady,93,2014,1870,931.0,92.0,0.0,0.0,0.0,36093,0.0,0.0,0.0
Schenectady,93,2015,1678,666.0,64.0,0.0,0.0,0.0,36093,0.0,0.0,0.0
Schenectady,93,2016,1853,641.0,62.0,0.0,0.0,0.0,36093,0.0,0.0,0.0
Schenectady,93,2017,1795,831.0,53.0,0.0,0.0,0.0,36093,0.0,0.0,0.0
Schenectady,93,2018,1942,607.0,41.0,0.0,0.0,0.0,36093,0.0,0.0,0.0
Schenectady,93,2019,1867,403.0,39.0,0.0,0.0,0.0,36093,0.0,0.0,0.0
Schenectady,93,2020,1939,334.0,18.0,0.0,0.0,0.0,36093,0.0,0.0,0.0
Schenectady,93,2021,1977,649.0,6.0,0.0,0.0,0.0,36093,0.0,0.0,0.0
Schoharie,95,2000,2,0.0,0.0,0.0,0.0,0.0,36095,0.0,0.0,0.0
Schoharie,95,2001,68,0.0,0.0,0.0,0.0,0.0,36095,0.0,0.0,0.0
Schoharie,95,2002,140,35.0,0.0,0.0,0.0,0.0,36095,0.0,0.0,0.0
Schoharie,95,2003,150,12.0,0.0,0.0,0.0,0.0,36095,0.0,0.0,0.0
Schoharie,95,2004,158,6.0,0.0,0.0,0.0,0.0,36095,0.0,0.0,0.0
Schoharie,95,2005,199,15.0,0.0,0.0,0.0,0.0,36095,0.0,0.0,0.0
Schoharie,95,2006,198,18.0,0.0,0.0,0.0,0.0,36095,0.0,0.0,0.0
Schoharie,95,2007,229,36.0,0.0,0.0,0.0,0.0,36095,0.0,0.0,0.0
Schoharie,95,2008,202,36.0,0.0,0.0,0.0,0.0,36095,0.0,0.0,0.0
Schoharie,95,2009,257,51.0,0.0,0.0,0.0,0.0,36095,0.0,0.0,0.0
Schoharie,95,2010,237,29.0,0.0,0.0,0.0,0.0,36095,0.0,0.0,0.0
Schoharie,95,2011,265,61.0,0.0,0.0,0.0,0.0,36095,0.0,0.0,0.0
Schoharie,95,2012,265,77.0,0.0,0.0,0.0,0.0,36095,0.0,0.0,0.0
Schoharie,95,2013,227,43.0,0.0,0.0,0.0,0.0,36095,0.0,0.0,0.0
Schoharie,95,2014,235,88.0,0.0,0.0,0.0,0.0,36095,0.0,0.0,0.0
Schoharie,95,2015,274,116.0,0.0,0.0,0.0,0.0,36095,0.0,0.0,0.0
Schoharie,95,2016,285,28.0,0.0,0.0,0.0,0.0,36095,0.0,0.0,0.0
Schoharie,95,2017,221,69.0,0.0,0.0,0.0,0.0,36095,0.0,0.0,0.0
Schoharie,95,2018,256,102.0,0.0,0.0,0.0,0.0,36095,0.0,0.0,0.0
Schoharie,95,2019,241,92.0,0.0,0.0,0.0,0.0,36095,0.0,0.0,0.0
Schoharie,95,2020,282,144.0,0.0,0.0,0.0,0.0,36095,0.0,0.0,0.0
Schoharie,95,2021,301,80.0,0.0,0.0,0.0,0.0,36095,0.0,0.0,0.0
Schuyler,97,2000,1,0.0,0.0,0.0,0.0,0.0,36097,0.0,0.0,0.0
Schuyler,97,2001,32,0.0,0.0,0.0,0.0,0.0,36097,0.0,0.0,0.0
Schuyler,97,2002,41,8.0,0.0,0.0,0.0,0.0,36097,0.0,0.0,0.0
Schuyler,97,2003,94,0.0,0.0,0.0,0.0,0.0,36097,0.0,0.0,0.0
Schuyler,97,2004,130,9.0,0.0,0.0,0.0,0.0,36097,0.0,0.0,0.0
Schuyler,97,2005,128,0.0,0.0,0.0,0.0,0.0,36097,0.0,0.0,0.0
Schuyler,97,2006,147,7.0,0.0,0.0,0.0,0.0,36097,0.0,0.0,0.0
Schuyler,97,2007,125,6.0,0.0,0.0,0.0,0.0,36097,0.0,0.0,0.0
Schuyler,97,2008,159,47.0,0.0,0.0,0.0,0.0,36097,0.0,0.0,0.0
Schuyler,97,2009,163,30.0,0.0,0.0,0.0,0.0,36097,0.0,0.0,0.0
Schuyler,97,2010,181,59.0,0.0,0.0,0.0,0.0,36097,0.0,0.0,0.0
Schuyler,97,2011,119,51.0,0.0,0.0,0.0,0.0,36097,0.0,0.0,0.0
Schuyler,97,2012,103,7.0,0.0,0.0,0.0,0.0,36097,0.0,0.0,0.0
Schuyler,97,2013,153,31.0,0.0,0.0,0.0,0.0,36097,0.0,0.0,0.0
Schuyler,97,2014,151,35.0,0.0,0.0,0.0,0.0,36097,0.0,0.0,0.0
Schuyler,97,2015,178,69.0,0.0,0.0,0.0,0.0,36097,0.0,0.0,0.0
Schuyler,97,2016,162,75.0,0.0,0.0,0.0,0.0,36097,0.0,0.0,0.0
Schuyler,97,2017,183,39.0,0.0,0.0,0.0,0.0,36097,0.0,0.0,0.0
Schuyler,97,2018,143,45.0,0.0,0.0,0.0,0.0,36097,0.0,0.0,0.0
Schuyler,97,2019,156,40.0,0.0,0.0,0.0,0.0,36097,0.0,0.0,0.0
Schuyler,97,2020,179,105.0,0.0,0.0,0.0,0.0,36097,0.0,0.0,0.0
Schuyler,97,2021,199,113.0,0.0,0.0,0.0,0.0,36097,0.0,0.0,0.0
Seneca,99,2001,10,0.0,0.0,0.0,0.0,0.0,36099,0.0,0.0,0.0
Seneca,99,2002,33,0.0,0.0,0.0,0.0,0.0,36099,0.0,0.0,0.0
Seneca,99,2003,28,0.0,0.0,0.0,0.0,0.0,36099,0.0,0.0,0.0
Seneca,99,2004,99,7.0,0.0,0.0,0.0,0.0,36099,0.0,0.0,0.0
Seneca,99,2005,226,37.0,0.0,0.0,0.0,0.0,36099,0.0,0.0,0.0
Seneca,99,2006,230,24.0,0.0,0.0,0.0,0.0,36099,0.0,0.0,0.0
Seneca,99,2007,255,60.0,0.0,0.0,0.0,0.0,36099,0.0,0.0,0.0
Seneca,99,2008,250,47.0,0.0,0.0,0.0,0.0,36099,0.0,0.0,0.0
Seneca,99,2009,265,39.0,0.0,0.0,0.0,0.0,36099,0.0,0.0,0.0
Seneca,99,2010,314,43.0,0.0,0.0,0.0,0.0,36099,0.0,0.0,0.0
Seneca,99,2011,293,46.0,0.0,0.0,0.0,0.0,36099,0.0,0.0,0.0
Seneca,99,2012,202,119.0,0.0,0.0,0.0,0.0,36099,0.0,0.0,0.0
Seneca,99,2013,218,74.0,0.0,0.0,0.0,0.0,36099,0.0,0.0,0.0
Seneca,99,2014,289,39.0,0.0,0.0,0.0,0.0,36099,0.0,0.0,0.0
Seneca,99,2015,270,59.0,0.0,0.0,0.0,0.0,36099,0.0,0.0,0.0
Seneca,99,2016,268,33.0,0.0,0.0,0.0,0.0,36099,0.0,0.0,0.0
Seneca,99,2017,272,132.0,0.0,0.0,0.0,0.0,36099,0.0,0.0,0.0
Seneca,99,2018,278,138.0,0.0,0.0,0.0,0.0,36099,0.0,0.0,0.0
Seneca,99,2019,276,101.0,0.0,0.0,0.0,0.0,36099,0.0,0.0,0.0
Seneca,99,2020,308,102.0,0.0,0.0,0.0,0.0,36099,0.0,0.0,0.0
Seneca,99,2021,291,187.0,0.0,0.0,0.0,0.0,36099,0.0,0.0,0.0
St. Lawrence,89,2000,9,0.0,0.0,0.0,0.0,0.0,36089,0.0,0.0,0.0
St. Lawrence,89,2001,197,85.0,15.0,0.0,0.0,0.0,36089,0.0,0.0,0.0
St. Lawrence,89,2002,356,141.0,57.0,0.0,0.0,0.0,36089,0.0,0.0,0.0
St. Lawrence,89,2003,469,106.0,43.0,0.0,0.0,0.0,36089,0.0,0.0,0.0
St. Lawrence,89,2004,730,220.0,114.0,0.0,0.0,0.0,36089,0.0,0.0,0.0
St. Lawrence,89,2005,898,302.0,107.0,0.0,0.0,0.0,36089,0.0,0.0,0.0
St. Lawrence,89,2006,866,245.0,74.0,0.0,0.0,0.0,36089,0.0,0.0,0.0
St. Lawrence,89,2007,795,180.0,75.0,0.0,0.0,0.0,36089,0.0,0.0,0.0
St. Lawrence,89,2008,840,287.0,45.0,0.0,0.0,0.0,36089,0.0,0.0,0.0
St. Lawrence,89,2009,1046,308.0,31.0,0.0,0.0,0.0,36089,0.0,0.0,0.0
St. Lawrence,89,2010,968,374.0,6.0,0.0,0.0,0.0,36089,0.0,0.0,0.0
St. Lawrence,89,2011,776,302.0,6.0,0.0,0.0,0.0,36089,0.0,0.0,0.0
St. Lawrence,89,2012,985,267.0,8.0,0.0,0.0,0.0,36089,0.0,0.0,0.0
St. Lawrence,89,2013,970,298.0,0.0,0.0,0.0,0.0,36089,0.0,0.0,0.0
St. Lawrence,89,2014,1003,312.0,0.0,0.0,0.0,0.0,36089,0.0,0.0,0.0
St. Lawrence,89,2015,1025,204.0,0.0,0.0,0.0,0.0,36089,0.0,0.0,0.0
St. Lawrence,89,2016,846,227.0,0.0,0.0,0.0,0.0,36089,0.0,0.0,0.0
St. Lawrence,89,2017,920,346.0,0.0,0.0,0.0,0.0,36089,0.0,0.0,0.0
St. Lawrence,89,2018,812,400.0,6.0,0.0,0.0,0.0,36089,0.0,0.0,0.0
St. Lawrence,89,2019,829,413.0,0.0,0.0,0.0,0.0,36089,0.0,0.0,0.0
St. Lawrence,89,2020,755,269.0,0.0,0.0,0.0,0.0,36089,0.0,0.0,0.0
St. Lawrence,89,2021,1058,393.0,0.0,0.0,0.0,0.0,36089,0.0,0.0,0.0
Steuben,101,2000,5,0.0,0.0,0.0,0.0,0.0,36101,0.0,0.0,0.0
Steuben,101,2001,273,71.0,7.0,0.0,0.0,0.0,36101,0.0,0.0,0.0
Steuben,101,2002,474,113.0,18.0,0.0,0.0,0.0,36101,0.0,0.0,0.0
Steuben,101,2003,630,262.0,36.0,0.0,0.0,0.0,36101,0.0,0.0,0.0
Steuben,101,2004,647,148.0,22.0,0.0,0.0,0.0,36101,0.0,0.0,0.0
Steuben,101,2005,868,232.0,42.0,0.0,0.0,0.0,36101,0.0,0.0,0.0
Steuben,101,2006,938,260.0,28.0,0.0,0.0,0.0,36101,0.0,0.0,0.0
Steuben,101,2007,894,251.0,24.0,0.0,0.0,0.0,36101,0.0,0.0,0.0
Steuben,101,2008,1058,403.0,20.0,0.0,0.0,0.0,36101,0.0,0.0,0.0
Steuben,101,2009,1069,353.0,13.0,0.0,0.0,0.0,36101,0.0,0.0,0.0
Steuben,101,2010,1035,301.0,20.0,0.0,0.0,0.0,36101,0.0,0.0,0.0
Steuben,101,2011,807,132.0,6.0,0.0,0.0,0.0,36101,0.0,0.0,0.0
Steuben,101,2012,769,229.0,0.0,0.0,0.0,0.0,36101,0.0,0.0,0.0
Steuben,101,2013,943,148.0,0.0,0.0,0.0,0.0,36101,0.0,0.0,0.0
Steuben,101,2014,971,299.0,6.0,0.0,0.0,0.0,36101,0.0,0.0,0.0
Steuben,101,2015,965,364.0,6.0,0.0,0.0,0.0,36101,0.0,0.0,0.0
Steuben,101,2016,993,228.0,0.0,0.0,0.0,0.0,36101,0.0,0.0,0.0
Steuben,101,2017,1015,428.0,7.0,0.0,0.0,0.0,36101,0.0,0.0,0.0
Steuben,101,2018,941,317.0,0.0,0.0,0.0,0.0,36101,0.0,0.0,0.0
Steuben,101,2019,838,229.0,0.0,0.0,0.0,0.0,36101,0.0,0.0,0.0
Steuben,101,2020,1027,441.0,7.0,0.0,0.0,0.0,36101,0.0,0.0,0.0
Steuben,101,2021,1320,809.0,0.0,0.0,0.0,0.0,36101,0.0,0.0,0.0
Suffolk,103,2000,170,20.0,0.0,0.0,0.0,0.0,36103,0.0,0.0,0.0
Suffolk,103,2001,4051,1966.0,264.0,0.0,0.0,0.0,36103,0.0,0.0,0.0
Suffolk,103,2002,7860,3760.0,420.0,0.0,0.0,0.0,36103,0.0,0.0,0.0
Suffolk,103,2003,5694,2057.0,125.0,0.0,0.0,0.0,36103,0.0,0.0,0.0
Suffolk,103,2004,12070,5611.0,527.0,0.0,0.0,0.0,36103,0.0,0.0,0.0
Suffolk,103,2005,13871,5731.0,298.0,0.0,0.0,0.0,36103,0.0,0.0,0.0
Suffolk,103,2006,13935,5532.0,176.0,0.0,0.0,0.0,36103,0.0,0.0,0.0
Suffolk,103,2007,14357,5454.0,172.0,0.0,0.0,0.0,36103,0.0,0.0,0.0
Suffolk,103,2008,13948,5786.0,95.0,0.0,0.0,0.0,36103,0.0,0.0,0.0
Suffolk,103,2009,12428,5440.0,37.0,0.0,0.0,0.0,36103,0.0,0.0,0.0
Suffolk,103,2010,14286,5448.0,29.0,0.0,0.0,0.0,36103,0.0,0.0,0.0
Suffolk,103,2011,12649,5349.0,6.0,0.0,0.0,0.0,36103,0.0,0.0,0.0
Suffolk,103,2012,13101,6678.0,0.0,0.0,0.0,0.0,36103,0.0,0.0,0.0
Suffolk,103,2013,13095,6995.0,0.0,0.0,0.0,0.0,36103,0.0,0.0,0.0
Suffolk,103,2014,14649,7571.0,6.0,0.0,0.0,0.0,36103,0.0,0.0,0.0
Suffolk,103,2015,15113,8417.0,0.0,0.0,0.0,0.0,36103,0.0,0.0,0.0
Suffolk,103,2016,15949,7181.0,0.0,0.0,0.0,0.0,36103,0.0,0.0,0.0
Suffolk,103,2017,15343,8012.0,6.0,0.0,0.0,0.0,36103,0.0,0.0,0.0
Suffolk,103,2018,15760,8733.0,0.0,0.0,0.0,0.0,36103,0.0,0.0,0.0
Suffolk,103,2019,15596,8762.0,0.0,0.0,0.0,0.0,36103,0.0,0.0,0.0
Suffolk,103,2020,16332,12284.0,0.0,0.0,0.0,0.0,36103,0.0,0.0,0.0
Suffolk,103,2021,22078,15429.0,0.0,0.0,0.0,0.0,36103,0.0,0.0,0.0
Sullivan,105,2000,5,0.0,0.0,0.0,0.0,0.0,36105,0.0,0.0,0.0
Sullivan,105,2001,158,19.0,0.0,0.0,0.0,0.0,36105,0.0,0.0,0.0
Sullivan,105,2002,215,39.0,20.0,0.0,0.0,0.0,36105,0.0,0.0,0.0
Sullivan,105,2003,485,98.0,46.0,0.0,0.0,0.0,36105,0.0,0.0,0.0
Sullivan,105,2004,577,147.0,41.0,0.0,0.0,0.0,36105,0.0,0.0,0.0
Sullivan,105,2005,679,105.0,32.0,0.0,0.0,0.0,36105,0.0,0.0,0.0
Sullivan,105,2006,566,106.0,0.0,0.0,0.0,0.0,36105,0.0,0.0,0.0
Sullivan,105,2007,656,139.0,6.0,0.0,0.0,0.0,36105,0.0,0.0,0.0
Sullivan,105,2008,533,126.0,0.0,0.0,0.0,0.0,36105,0.0,0.0,0.0
Sullivan,105,2009,530,82.0,0.0,0.0,0.0,0.0,36105,0.0,0.0,0.0
Sullivan,105,2010,552,200.0,6.0,0.0,0.0,0.0,36105,0.0,0.0,0.0
Sullivan,105,2011,531,182.0,0.0,0.0,0.0,0.0,36105,0.0,0.0,0.0
Sullivan,105,2012,596,213.0,0.0,0.0,0.0,0.0,36105,0.0,0.0,0.0
Sullivan,105,2013,689,226.0,0.0,0.0,0.0,0.0,36105,0.0,0.0,0.0
Sullivan,105,2014,831,317.0,0.0,0.0,0.0,0.0,36105,0.0,0.0,0.0
Sullivan,105,2015,680,324.0,0.0,0.0,0.0,0.0,36105,0.0,0.0,0.0
Sullivan,105,2016,761,200.0,0.0,0.0,0.0,0.0,36105,0.0,0.0,0.0
Sullivan,105,2017,793,314.0,0.0,0.0,0.0,0.0,36105,0.0,0.0,0.0
Sullivan,105,2018,762,358.0,0.0,0.0,0.0,0.0,36105,0.0,0.0,0.0
Sullivan,105,2019,806,409.0,0.0,0.0,0.0,0.0,36105,0.0,0.0,0.0
Sullivan,105,2020,766,385.0,0.0,0.0,0.0,0.0,36105,0.0,0.0,0.0
Sullivan,105,2021,1016,650.0,0.0,0.0,0.0,0.0,36105,0.0,0.0,0.0
Tioga,107,2000,9,0.0,0.0,0.0,0.0,0.0,36107,0.0,0.0,0.0
Tioga,107,2001,233,107.0,39.0,0.0,0.0,0.0,36107,0.0,0.0,0.0
Tioga,107,2002,253,78.0,47.0,0.0,0.0,0.0,36107,0.0,0.0,0.0
Tioga,107,2003,274,35.0,21.0,0.0,0.0,0.0,36107,0.0,0.0,0.0
Tioga,107,2004,349,26.0,6.0,0.0,0.0,0.0,36107,0.0,0.0,0.0
Tioga,107,2005,335,88.0,14.0,0.0,0.0,0.0,36107,0.0,0.0,0.0
Tioga,107,2006,341,56.0,6.0,0.0,0.0,0.0,36107,0.0,0.0,0.0
Tioga,107,2007,405,118.0,6.0,0.0,0.0,0.0,36107,0.0,0.0,0.0
Tioga,107,2008,389,84.0,0.0,0.0,0.0,0.0,36107,0.0,0.0,0.0
Tioga,107,2009,404,113.0,0.0,0.0,0.0,0.0,36107,0.0,0.0,0.0
Tioga,107,2010,457,109.0,0.0,0.0,0.0,0.0,36107,0.0,0.0,0.0
Tioga,107,2011,406,187.0,0.0,0.0,0.0,0.0,36107,0.0,0.0,0.0
Tioga,107,2012,404,176.0,0.0,0.0,0.0,0.0,36107,0.0,0.0,0.0
Tioga,107,2013,422,179.0,0.0,0.0,0.0,0.0,36107,0.0,0.0,0.0
Tioga,107,2014,342,132.0,0.0,0.0,0.0,0.0,36107,0.0,0.0,0.0
Tioga,107,2015,408,207.0,6.0,0.0,0.0,0.0,36107,0.0,0.0,0.0
Tioga,107,2016,430,193.0,0.0,0.0,0.0,0.0,36107,0.0,0.0,0.0
Tioga,107,2017,414,130.0,0.0,0.0,0.0,0.0,36107,0.0,0.0,0.0
Tioga,107,2018,380,172.0,0.0,0.0,0.0,0.0,36107,0.0,0.0,0.0
Tioga,107,2019,402,253.0,0.0,0.0,0.0,0.0,36107,0.0,0.0,0.0
Tioga,107,2020,365,208.0,0.0,0.0,0.0,0.0,36107,0.0,0.0,0.0
Tioga,107,2021,532,266.0,0.0,0.0,0.0,0.0,36107,0.0,0.0,0.0
Tompkins,109,2000,41,0.0,0.0,0.0,0.0,0.0,36109,0.0,0.0,0.0
Tompkins,109,2001,320,188.0,31.0,0.0,0.0,0.0,36109,0.0,0.0,0.0
Tompkins,109,2002,585,339.0,56.0,0.0,0.0,0.0,36109,0.0,0.0,0.0
Tompkins,109,2003,686,358.0,80.0,0.0,0.0,0.0,36109,0.0,0.0,0.0
Tompkins,109,2004,758,410.0,57.0,0.0,0.0,0.0,36109,0.0,0.0,0.0
Tompkins,109,2005,802,432.0,31.0,0.0,0.0,0.0,36109,0.0,0.0,0.0
Tompkins,109,2006,731,430.0,26.0,0.0,0.0,0.0,36109,0.0,0.0,0.0
Tompkins,109,2007,733,357.0,26.0,0.0,0.0,0.0,36109,0.0,0.0,0.0
Tompkins,109,2008,768,362.0,23.0,0.0,0.0,0.0,36109,0.0,0.0,0.0
Tompkins,109,2009,906,607.0,18.0,0.0,0.0,0.0,36109,0.0,0.0,0.0
Tompkins,109,2010,1022,798.0,20.0,0.0,0.0,0.0,36109,0.0,0.0,0.0
Tompkins,109,2011,658,103.0,0.0,0.0,0.0,0.0,36109,0.0,0.0,0.0
Tompkins,109,2012,681,372.0,6.0,0.0,0.0,0.0,36109,0.0,0.0,0.0
Tompkins,109,2013,852,607.0,16.0,0.0,0.0,0.0,36109,0.0,0.0,0.0
Tompkins,109,2014,837,461.0,8.0,0.0,0.0,0.0,36109,0.0,0.0,0.0
Tompkins,109,2015,951,468.0,6.0,0.0,0.0,0.0,36109,0.0,0.0,0.0
Tompkins,109,2016,803,397.0,8.0,0.0,0.0,0.0,36109,0.0,0.0,0.0
Tompkins,109,2017,862,292.0,13.0,0.0,0.0,0.0,36109,0.0,0.0,0.0
Tompkins,109,2018,854,232.0,0.0,0.0,0.0,0.0,36109,0.0,0.0,0.0
Tompkins,109,2019,872,218.0,0.0,0.0,0.0,0.0,36109,0.0,0.0,0.0
Tompkins,109,2020,844,272.0,0.0,0.0,0.0,0.0,36109,0.0,0.0,0.0
Tompkins,109,2021,901,316.0,0.0,0.0,0.0,0.0,36109,0.0,0.0,0.0
Ulster,111,2000,34,0.0,0.0,0.0,0.0,0.0,36111,0.0,0.0,0.0
Ulster,111,2001,438,114.0,34.0,0.0,0.0,6.0,36111,1.37,0.0,0.0
Ulster,111,2002,926,291.0,125.0,0.0,0.0,0.0,36111,0.0,0.0,0.0
Ulster,111,2003,1081,311.0,111.0,0.0,0.0,0.0,36111,0.0,0.0,0.0
Ulster,111,2004,1287,389.0,162.0,0.0,0.0,10.0,36111,0.78,0.0,0.0
Ulster,111,2005,1416,502.0,183.0,0.0,0.0,8.0,36111,0.56,0.0,0.0
Ulster,111,2006,1700,581.0,211.0,0.0,0.0,9.0,36111,0.53,0.0,0.0
Ulster,111,2007,2001,966.0,246.0,6.0,0.0,6.0,36111,0.3,0.3,0.0
Ulster,111,2008,1827,748.0,167.0,0.0,0.0,15.0,36111,0.82,0.0,0.0
Ulster,111,2009,1753,572.0,63.0,0.0,0.0,7.0,36111,0.4,0.0,0.0
Ulster,111,2010,1611,588.0,64.0,0.0,0.0,0.0,36111,0.0,0.0,0.0
Ulster,111,2011,988,349.0,19.0,0.0,0.0,0.0,36111,0.0,0.0,0.0
Ulster,111,2012,812,357.0,9.0,0.0,0.0,0.0,36111,0.0,0.0,0.0
Ulster,111,2013,1176,562.0,24.0,0.0,0.0,0.0,36111,0.0,0.0,0.0
Ulster,111,2014,1469,696.0,24.0,0.0,0.0,6.0,36111,0.41,0.0,0.0
Ulster,111,2015,1352,687.0,21.0,0.0,0.0,0.0,36111,0.0,0.0,0.0
Ulster,111,2016,1476,716.0,17.0,0.0,0.0,0.0,36111,0.0,0.0,0.0
Ulster,111,2017,1453,825.0,30.0,0.0,0.0,12.0,36111,0.83,0.0,0.0
Ulster,111,2018,1451,784.0,19.0,0.0,0.0,0.0,36111,0.0,0.0,0.0
Ulster,111,2019,1619,656.0,8.0,0.0,0.0,0.0,36111,0.0,0.0,0.0
Ulster,111,2020,1455,829.0,7.0,0.0,0.0,0.0,36111,0.0,0.0,0.0
Ulster,111,2021,2049,1448.0,18.0,0.0,0.0,0.0,36111,0.0,0.0,0.0
Warren,113,2000,2,0.0,0.0,0.0,0.0,0.0,36113,0.0,0.0,0.0
Warren,113,2001,236,128.0,21.0,0.0,0.0,0.0,36113,0.0,0.0,0.0
Warren,113,2002,331,75.0,18.0,0.0,0.0,0.0,36113,0.0,0.0,0.0
Warren,113,2003,367,172.0,29.0,0.0,0.0,0.0,36113,0.0,0.0,0.0
Warren,113,2004,396,137.0,31.0,0.0,0.0,0.0,36113,0.0,0.0,0.0
Warren,113,2005,511,257.0,41.0,0.0,0.0,0.0,36113,0.0,0.0,0.0
Warren,113,2006,553,273.0,69.0,0.0,0.0,0.0,36113,0.0,0.0,0.0
Warren,113,2007,649,339.0,63.0,0.0,0.0,0.0,36113,0.0,0.0,0.0
Warren,113,2008,397,173.0,26.0,0.0,0.0,0.0,36113,0.0,0.0,0.0
Warren,113,2009,571,287.0,32.0,0.0,0.0,0.0,36113,0.0,0.0,0.0
Warren,113,2010,612,126.0,8.0,0.0,0.0,0.0,36113,0.0,0.0,0.0
Warren,113,2011,260,98.0,0.0,0.0,0.0,0.0,36113,0.0,0.0,0.0
Warren,113,2012,226,58.0,0.0,0.0,0.0,0.0,36113,0.0,0.0,0.0
Warren,113,2013,485,95.0,0.0,0.0,0.0,0.0,36113,0.0,0.0,0.0
Warren,113,2014,549,93.0,0.0,0.0,0.0,0.0,36113,0.0,0.0,0.0
Warren,113,2015,654,194.0,13.0,0.0,0.0,0.0,36113,0.0,0.0,0.0
Warren,113,2016,608,47.0,0.0,0.0,0.0,0.0,36113,0.0,0.0,0.0
Warren,113,2017,589,62.0,0.0,0.0,0.0,0.0,36113,0.0,0.0,0.0
Warren,113,2018,607,315.0,0.0,0.0,0.0,0.0,36113,0.0,0.0,0.0
Warren,113,2019,576,256.0,0.0,0.0,0.0,0.0,36113,0.0,0.0,0.0
Warren,113,2020,683,194.0,0.0,0.0,0.0,0.0,36113,0.0,0.0,0.0
Warren,113,2021,723,395.0,0.0,0.0,0.0,0.0,36113,0.0,0.0,0.0
Washington,115,2000,7,0.0,0.0,0.0,0.0,0.0,36115,0.0,0.0,0.0
Washington,115,2001,209,86.0,24.0,0.0,0.0,0.0,36115,0.0,0.0,0.0
Washington,115,2002,332,123.0,45.0,0.0,0.0,0.0,36115,0.0,0.0,0.0
Washington,115,2003,314,85.0,29.0,0.0,0.0,0.0,36115,0.0,0.0,0.0
Washington,115,2004,348,67.0,19.0,0.0,0.0,0.0,36115,0.0,0.0,0.0
Washington,115,2005,455,137.0,42.0,0.0,0.0,0.0,36115,0.0,0.0,0.0
Washington,115,2006,483,146.0,45.0,0.0,0.0,0.0,36115,0.0,0.0,0.0
Washington,115,2007,522,205.0,83.0,0.0,0.0,0.0,36115,0.0,0.0,0.0
Washington,115,2008,438,143.0,29.0,0.0,0.0,0.0,36115,0.0,0.0,0.0
Washington,115,2009,458,88.0,6.0,0.0,0.0,0.0,36115,0.0,0.0,0.0
Washington,115,2010,500,88.0,0.0,0.0,0.0,0.0,36115,0.0,0.0,0.0
Washington,115,2011,319,90.0,0.0,0.0,0.0,0.0,36115,0.0,0.0,0.0
Washington,115,2012,350,113.0,14.0,0.0,0.0,0.0,36115,0.0,0.0,0.0
Washington,115,2013,523,147.0,24.0,0.0,0.0,0.0,36115,0.0,0.0,0.0
Washington,115,2014,547,150.0,6.0,0.0,0.0,0.0,36115,0.0,0.0,0.0
Washington,115,2015,640,216.0,18.0,0.0,0.0,0.0,36115,0.0,0.0,0.0
Washington,115,2016,576,68.0,0.0,0.0,0.0,0.0,36115,0.0,0.0,0.0
Washington,115,2017,622,161.0,6.0,0.0,0.0,0.0,36115,0.0,0.0,0.0
Washington,115,2018,562,106.0,0.0,0.0,0.0,0.0,36115,0.0,0.0,0.0
Washington,115,2019,531,71.0,0.0,0.0,0.0,0.0,36115,0.0,0.0,0.0
Washington,115,2020,595,97.0,0.0,0.0,0.0,0.0,36115,0.0,0.0,0.0
Washington,115,2021,641,249.0,0.0,0.0,0.0,0.0,36115,0.0,0.0,0.0
Wayne,117,2000,9,0.0,0.0,0.0,0.0,0.0,36117,0.0,0.0,0.0
Wayne,117,2001,362,162.0,0.0,0.0,0.0,0.0,36117,0.0,0.0,0.0
Wayne,117,2002,586,103.0,19.0,0.0,0.0,0.0,36117,0.0,0.0,0.0
Wayne,117,2003,701,108.0,8.0,0.0,0.0,0.0,36117,0.0,0.0,0.0
Wayne,117,2004,854,204.0,15.0,0.0,0.0,0.0,36117,0.0,0.0,0.0
Wayne,117,2005,776,184.0,8.0,0.0,0.0,0.0,36117,0.0,0.0,0.0
Wayne,117,2006,824,251.0,6.0,0.0,0.0,0.0,36117,0.0,0.0,0.0
Wayne,117,2007,887,164.0,0.0,0.0,0.0,0.0,36117,0.0,0.0,0.0
Wayne,117,2008,798,330.0,0.0,0.0,0.0,0.0,36117,0.0,0.0,0.0
Wayne,117,2009,938,278.0,0.0,0.0,0.0,0.0,36117,0.0,0.0,0.0
Wayne,117,2010,863,324.0,0.0,0.0,0.0,0.0,36117,0.0,0.0,0.0
Wayne,117,2011,894,302.0,0.0,0.0,0.0,0.0,36117,0.0,0.0,0.0
Wayne,117,2012,767,296.0,0.0,0.0,0.0,0.0,36117,0.0,0.0,0.0
Wayne,117,2013,884,446.0,0.0,0.0,0.0,0.0,36117,0.0,0.0,0.0
Wayne,117,2014,989,385.0,6.0,0.0,0.0,0.0,36117,0.0,0.0,0.0
Wayne,117,2015,852,499.0,0.0,0.0,0.0,0.0,36117,0.0,0.0,0.0
Wayne,117,2016,920,326.0,0.0,0.0,0.0,0.0,36117,0.0,0.0,0.0
Wayne,117,2017,888,383.0,0.0,0.0,0.0,0.0,36117,0.0,0.0,0.0
Wayne,117,2018,845,398.0,0.0,0.0,0.0,0.0,36117,0.0,0.0,0.0
Wayne,117,2019,934,385.0,0.0,0.0,0.0,0.0,36117,0.0,0.0,0.0
Wayne,117,2020,890,444.0,0.0,0.0,0.0,0.0,36117,0.0,0.0,0.0
Wayne,117,2021,1119,681.0,0.0,0.0,0.0,0.0,36117,0.0,0.0,0.0
Westchester,119,2000,3,0.0,0.0,0.0,0.0,0.0,36119,0.0,0.0,0.0
Westchester,119,2001,49,0.0,0.0,0.0,0.0,0.0,36119,0.0,0.0,0.0
Westchester,119,2002,166,14.0,0.0,0.0,0.0,0.0,36119,0.0,0.0,0.0
Westchester,119,2003,170,9.0,0.0,0.0,0.0,0.0,36119,0.0,0.0,0.0
Westchester,119,2004,211,6.0,0.0,0.0,0.0,0.0,36119,0.0,0.0,0.0
Westchester,119,2005,5196,2101.0,361.0,0.0,0.0,6.0,36119,0.12,0.0,0.0
Westchester,119,2006,16182,9199.0,1363.0,0.0,0.0,20.0,36119,0.12,0.0,0.0
Westchester,119,2007,16151,9253.0,1268.0,0.0,0.0,16.0,36119,0.1,0.0,0.0
Westchester,119,2008,14370,7853.0,833.0,6.0,0.0,12.0,36119,0.08,0.042,0.0
Westchester,119,2009,11464,5864.0,574.0,0.0,0.0,0.0,36119,0.0,0.0,0.0
Westchester,119,2010,12842,6045.0,391.0,0.0,0.0,7.0,36119,0.05,0.0,0.0
Westchester,119,2011,12219,5464.0,300.0,0.0,0.0,0.0,36119,0.0,0.0,0.0
Westchester,119,2012,12239,5189.0,196.0,0.0,0.0,0.0,36119,0.0,0.0,0.0
Westchester,119,2013,12380,4971.0,169.0,0.0,0.0,0.0,36119,0.0,0.0,0.0
Westchester,119,2014,11461,5521.0,148.0,0.0,0.0,0.0,36119,0.0,0.0,0.0
Westchester,119,2015,12624,6134.0,93.0,0.0,0.0,16.0,36119,0.13,0.0,0.0
Westchester,119,2016,12443,6159.0,89.0,0.0,0.0,0.0,36119,0.0,0.0,0.0
Westchester,119,2017,12740,5706.0,67.0,0.0,0.0,12.0,36119,0.09,0.0,0.0
Westchester,119,2018,12667,6161.0,57.0,0.0,0.0,0.0,36119,0.0,0.0,0.0
Westchester,119,2019,10906,5511.0,31.0,0.0,0.0,0.0,36119,0.0,0.0,0.0
Westchester,119,2020,10795,5130.0,15.0,0.0,0.0,0.0,36119,0.0,0.0,0.0
Westchester,119,2021,17041,7662.0,20.0,0.0,0.0,0.0,36119,0.0,0.0,0.0
Wyoming,121,2000,3,0.0,0.0,0.0,0.0,0.0,36121,0.0,0.0,0.0
Wyoming,121,2001,119,20.0,0.0,0.0,0.0,0.0,36121,0.0,0.0,0.0
Wyoming,121,2002,279,60.0,0.0,0.0,0.0,0.0,36121,0.0,0.0,0.0
Wyoming,121,2003,274,35.0,0.0,0.0,0.0,0.0,36121,0.0,0.0,0.0
Wyoming,121,2004,315,73.0,0.0,0.0,0.0,0.0,36121,0.0,0.0,0.0
Wyoming,121,2005,294,58.0,6.0,0.0,0.0,0.0,36121,0.0,0.0,0.0
Wyoming,121,2006,278,68.0,7.0,0.0,0.0,0.0,36121,0.0,0.0,0.0
Wyoming,121,2007,327,62.0,16.0,0.0,0.0,0.0,36121,0.0,0.0,0.0
Wyoming,121,2008,365,39.0,6.0,0.0,0.0,0.0,36121,0.0,0.0,0.0
Wyoming,121,2009,321,47.0,0.0,0.0,0.0,0.0,36121,0.0,0.0,0.0
Wyoming,121,2010,344,49.0,0.0,0.0,0.0,0.0,36121,0.0,0.0,0.0
Wyoming,121,2011,263,64.0,0.0,0.0,0.0,0.0,36121,0.0,0.0,0.0
Wyoming,121,2012,286,84.0,6.0,0.0,0.0,0.0,36121,0.0,0.0,0.0
Wyoming,121,2013,307,98.0,0.0,0.0,0.0,0.0,36121,0.0,0.0,0.0
Wyoming,121,2014,375,92.0,0.0,0.0,0.0,0.0,36121,0.0,0.0,0.0
Wyoming,121,2015,374,171.0,0.0,0.0,0.0,0.0,36121,0.0,0.0,0.0
Wyoming,121,2016,367,105.0,0.0,0.0,0.0,0.0,36121,0.0,0.0,0.0
Wyoming,121,2017,352,147.0,6.0,0.0,0.0,0.0,36121,0.0,0.0,0.0
Wyoming,121,2018,405,120.0,0.0,0.0,0.0,0.0,36121,0.0,0.0,0.0
Wyoming,121,2019,342,82.0,0.0,0.0,0.0,0.0,36121,0.0,0.0,0.0
Wyoming,121,2020,388,198.0,0.0,0.0,0.0,0.0,36121,0.0,0.0,0.0
Wyoming,121,2021,466,210.0,0.0,0.0,0.0,0.0,36121,0.0,0.0,0.0
Yates,123,2000,4,0.0,0.0,0.0,0.0,0.0,36123,0.0,0.0,0.0
Yates,123,2001,40,15.0,0.0,0.0,0.0,0.0,36123,0.0,0.0,0.0
Yates,123,2002,142,49.0,10.0,0.0,0.0,0.0,36123,0.0,0.0,0.0
Yates,123,2003,164,46.0,9.0,0.0,0.0,0.0,36123,0.0,0.0,0.0
Yates,123,2004,157,0.0,0.0,0.0,0.0,0.0,36123,0.0,0.0,0.0
Yates,123,2005,181,50.0,10.0,0.0,0.0,0.0,36123,0.0,0.0,0.0
Yates,123,2006,225,74.0,21.0,0.0,0.0,0.0,36123,0.0,0.0,0.0
Yates,123,2007,218,44.0,6.0,0.0,0.0,0.0,36123,0.0,0.0,0.0
Yates,123,2008,221,33.0,7.0,0.0,0.0,0.0,36123,0.0,0.0,0.0
Yates,123,2009,227,101.0,14.0,0.0,0.0,0.0,36123,0.0,0.0,0.0
Yates,123,2010,220,83.0,15.0,0.0,0.0,0.0,36123,0.0,0.0,0.0
Yates,123,2011,243,105.0,15.0,0.0,0.0,0.0,36123,0.0,0.0,0.0
Yates,123,2012,174,9.0,0.0,0.0,0.0,0.0,36123,0.0,0.0,0.0
Yates,123,2013,179,43.0,0.0,0.0,0.0,0.0,36123,0.0,0.0,0.0
Yates,123,2014,186,95.0,6.0,0.0,0.0,0.0,36123,0.0,0.0,0.0
Yates,123,2015,211,13.0,0.0,0.0,0.0,0.0,36123,0.0,0.0,0.0
Yates,123,2016,235,45.0,7.0,0.0,0.0,0.0,36123,0.0,0.0,0.0
Yates,123,2017,222,20.0,0.0,0.0,0.0,0.0,36123,0.0,0.0,0.0
Yates,123,2018,238,17.0,0.0,0.0,0.0,0.0,36123,0.0,0.0,0.0
Yates,123,2019,229,28.0,0.0,0.0,0.0,0.0,36123,0.0,0.0,0.0
Yates,123,2020,213,35.0,0.0,0.0,0.0,0.0,36123,0.0,0.0,0.0
Yates,123,2021,220,90.0,0.0,0.0,0.0,0.0,36123,0.0,0.0,0.0
